"HealthTopic","Population","Distribution","Unit","Time","RegionCode","RegionName","CategoryIndex","Category","Value"
"Hepatitis B","Chronic cases","Gender-specific rate","N/100000","2006","DE","Germany",1,"Male",0.000000000
"Hepatitis B","Chronic cases","Gender-specific rate","N/100000","2006","DE","Germany",2,"Female",0.002375400
"Hepatitis B","Chronic cases","Gender-specific rate","N/100000","2006","DK","Denmark",1,"Male",2.085004120
"Hepatitis B","Chronic cases","Gender-specific rate","N/100000","2006","DK","Denmark",2,"Female",4.851158780
"Hepatitis B","Chronic cases","Gender-specific rate","N/100000","2006","EE","Estonia",1,"Male",1.433280770
"Hepatitis B","Chronic cases","Gender-specific rate","N/100000","2006","EE","Estonia",2,"Female",0.691783000
"Hepatitis B","Chronic cases","Gender-specific rate","N/100000","2006","EU27_21","EU (without UK)",1,"Male",2.885193000
"Hepatitis B","Chronic cases","Gender-specific rate","N/100000","2006","EU27_21","EU (without UK)",2,"Female",2.281425000
"Hepatitis B","Chronic cases","Gender-specific rate","N/100000","2006","EU27_UK_21","EU (with UK until 2019)",1,"Male",3.248829000
"Hepatitis B","Chronic cases","Gender-specific rate","N/100000","2006","EU27_UK_21","EU (with UK until 2019)",2,"Female",2.758735000
"Hepatitis B","Chronic cases","Gender-specific rate","N/100000","2006","EUEEA30_21","EU/EEA (without UK)",1,"Male",3.237040000
"Hepatitis B","Chronic cases","Gender-specific rate","N/100000","2006","EUEEA30_21","EU/EEA (without UK)",2,"Female",2.514987000
"Hepatitis B","Chronic cases","Gender-specific rate","N/100000","2006","EUEEAUK_21","EU/EEA (with UK until 2019)",1,"Male",3.485041000
"Hepatitis B","Chronic cases","Gender-specific rate","N/100000","2006","EUEEAUK_21","EU/EEA (with UK until 2019)",2,"Female",2.910011000
"Hepatitis B","Chronic cases","Gender-specific rate","N/100000","2006","FI","Finland",1,"Male",5.325869340
"Hepatitis B","Chronic cases","Gender-specific rate","N/100000","2006","FI","Finland",2,"Female",4.584027450
"Hepatitis B","Chronic cases","Gender-specific rate","N/100000","2006","IE","Ireland",1,"Male",15.403273380
"Hepatitis B","Chronic cases","Gender-specific rate","N/100000","2006","IE","Ireland",2,"Female",13.826152520
"Hepatitis B","Chronic cases","Gender-specific rate","N/100000","2006","LV","Latvia",1,"Male",-
"Hepatitis B","Chronic cases","Gender-specific rate","N/100000","2006","LV","Latvia",2,"Female",-
"Hepatitis B","Chronic cases","Gender-specific rate","N/100000","2006","NL","Netherlands",1,"Male",10.708882190
"Hepatitis B","Chronic cases","Gender-specific rate","N/100000","2006","NL","Netherlands",2,"Female",7.533182030
"Hepatitis B","Chronic cases","Gender-specific rate","N/100000","2006","NO","Norway",1,"Male",13.249457740
"Hepatitis B","Chronic cases","Gender-specific rate","N/100000","2006","NO","Norway",2,"Female",9.323259650
"Hepatitis B","Chronic cases","Gender-specific rate","N/100000","2006","SE","Sweden",1,"Male",10.141422690
"Hepatitis B","Chronic cases","Gender-specific rate","N/100000","2006","SE","Sweden",2,"Female",7.498023540
"Hepatitis B","Chronic cases","Gender-specific rate","N/100000","2006","SI","Slovenia",1,"Male",1.833993060
"Hepatitis B","Chronic cases","Gender-specific rate","N/100000","2006","SI","Slovenia",2,"Female",1.272148840
"Hepatitis B","Chronic cases","Gender-specific rate","N/100000","2006","SK","Slovakia",1,"Male",0.728009790
"Hepatitis B","Chronic cases","Gender-specific rate","N/100000","2006","SK","Slovakia",2,"Female",0.398107460
"Hepatitis B","Chronic cases","Gender-specific rate","N/100000","2006","UK","United Kingdom",1,"Male",4.052186770
"Hepatitis B","Chronic cases","Gender-specific rate","N/100000","2006","UK","United Kingdom",2,"Female",3.809241110
"Hepatitis B","Chronic cases","Gender-specific rate","N/100000","2007","DE","Germany",1,"Male",0.000000000
"Hepatitis B","Chronic cases","Gender-specific rate","N/100000","2007","DE","Germany",2,"Female",0.004760340
"Hepatitis B","Chronic cases","Gender-specific rate","N/100000","2007","DK","Denmark",1,"Male",4.783691830
"Hepatitis B","Chronic cases","Gender-specific rate","N/100000","2007","DK","Denmark",2,"Female",6.435376090
"Hepatitis B","Chronic cases","Gender-specific rate","N/100000","2007","EE","Estonia",1,"Male",2.402844960
"Hepatitis B","Chronic cases","Gender-specific rate","N/100000","2007","EE","Estonia",2,"Female",2.365513590
"Hepatitis B","Chronic cases","Gender-specific rate","N/100000","2007","EU27_21","EU (without UK)",1,"Male",3.531918000
"Hepatitis B","Chronic cases","Gender-specific rate","N/100000","2007","EU27_21","EU (without UK)",2,"Female",2.517065000
"Hepatitis B","Chronic cases","Gender-specific rate","N/100000","2007","EU27_UK_21","EU (with UK until 2019)",1,"Male",4.208365000
"Hepatitis B","Chronic cases","Gender-specific rate","N/100000","2007","EU27_UK_21","EU (with UK until 2019)",2,"Female",3.364826000
"Hepatitis B","Chronic cases","Gender-specific rate","N/100000","2007","EUEEA30_21","EU/EEA (without UK)",1,"Male",3.810432000
"Hepatitis B","Chronic cases","Gender-specific rate","N/100000","2007","EUEEA30_21","EU/EEA (without UK)",2,"Female",2.704327000
"Hepatitis B","Chronic cases","Gender-specific rate","N/100000","2007","EUEEAUK_21","EU/EEA (with UK until 2019)",1,"Male",4.390851000
"Hepatitis B","Chronic cases","Gender-specific rate","N/100000","2007","EUEEAUK_21","EU/EEA (with UK until 2019)",2,"Female",3.479126000
"Hepatitis B","Chronic cases","Gender-specific rate","N/100000","2007","FI","Finland",1,"Male",5.147572780
"Hepatitis B","Chronic cases","Gender-specific rate","N/100000","2007","FI","Finland",2,"Female",2.784777880
"Hepatitis B","Chronic cases","Gender-specific rate","N/100000","2007","IE","Ireland",1,"Male",16.476511760
"Hepatitis B","Chronic cases","Gender-specific rate","N/100000","2007","IE","Ireland",2,"Female",13.888068620
"Hepatitis B","Chronic cases","Gender-specific rate","N/100000","2007","LV","Latvia",1,"Male",24.955834090
"Hepatitis B","Chronic cases","Gender-specific rate","N/100000","2007","LV","Latvia",2,"Female",15.313179620
"Hepatitis B","Chronic cases","Gender-specific rate","N/100000","2007","MT","Malta",1,"Male",0.496231120
"Hepatitis B","Chronic cases","Gender-specific rate","N/100000","2007","MT","Malta",2,"Female",0.000000000
"Hepatitis B","Chronic cases","Gender-specific rate","N/100000","2007","NL","Netherlands",1,"Male",11.102162890
"Hepatitis B","Chronic cases","Gender-specific rate","N/100000","2007","NL","Netherlands",2,"Female",8.102083340
"Hepatitis B","Chronic cases","Gender-specific rate","N/100000","2007","NO","Norway",1,"Male",12.296907540
"Hepatitis B","Chronic cases","Gender-specific rate","N/100000","2007","NO","Norway",2,"Female",8.576234650
"Hepatitis B","Chronic cases","Gender-specific rate","N/100000","2007","PT","Portugal",1,"Male",0.039491390
"Hepatitis B","Chronic cases","Gender-specific rate","N/100000","2007","PT","Portugal",2,"Female",0.000000000
"Hepatitis B","Chronic cases","Gender-specific rate","N/100000","2007","SE","Sweden",1,"Male",14.745144430
"Hepatitis B","Chronic cases","Gender-specific rate","N/100000","2007","SE","Sweden",2,"Female",8.824040780
"Hepatitis B","Chronic cases","Gender-specific rate","N/100000","2007","SI","Slovenia",1,"Male",1.317146610
"Hepatitis B","Chronic cases","Gender-specific rate","N/100000","2007","SI","Slovenia",2,"Female",1.074853790
"Hepatitis B","Chronic cases","Gender-specific rate","N/100000","2007","SK","Slovakia",1,"Male",1.302355150
"Hepatitis B","Chronic cases","Gender-specific rate","N/100000","2007","SK","Slovakia",2,"Female",0.651577810
"Hepatitis B","Chronic cases","Gender-specific rate","N/100000","2007","UK","United Kingdom",1,"Male",5.811935940
"Hepatitis B","Chronic cases","Gender-specific rate","N/100000","2007","UK","United Kingdom",2,"Female",5.373010560
"Hepatitis B","Chronic cases","Gender-specific rate","N/100000","2008","DE","Germany",1,"Male",0.002482970
"Hepatitis B","Chronic cases","Gender-specific rate","N/100000","2008","DE","Germany",2,"Female",0.000000000
"Hepatitis B","Chronic cases","Gender-specific rate","N/100000","2008","DK","Denmark",1,"Male",3.538953920
"Hepatitis B","Chronic cases","Gender-specific rate","N/100000","2008","DK","Denmark",2,"Female",3.040036190
"Hepatitis B","Chronic cases","Gender-specific rate","N/100000","2008","EE","Estonia",1,"Male",1.607587810
"Hepatitis B","Chronic cases","Gender-specific rate","N/100000","2008","EE","Estonia",2,"Female",1.814654020
"Hepatitis B","Chronic cases","Gender-specific rate","N/100000","2008","EU27_21","EU (without UK)",1,"Male",3.689341000
"Hepatitis B","Chronic cases","Gender-specific rate","N/100000","2008","EU27_21","EU (without UK)",2,"Female",2.549720000
"Hepatitis B","Chronic cases","Gender-specific rate","N/100000","2008","EU27_UK_21","EU (with UK until 2019)",1,"Male",4.471802000
"Hepatitis B","Chronic cases","Gender-specific rate","N/100000","2008","EU27_UK_21","EU (with UK until 2019)",2,"Female",3.410764000
"Hepatitis B","Chronic cases","Gender-specific rate","N/100000","2008","EUEEA30_21","EU/EEA (without UK)",1,"Male",4.087365000
"Hepatitis B","Chronic cases","Gender-specific rate","N/100000","2008","EUEEA30_21","EU/EEA (without UK)",2,"Female",2.842459000
"Hepatitis B","Chronic cases","Gender-specific rate","N/100000","2008","EUEEAUK_21","EU/EEA (with UK until 2019)",1,"Male",4.736002000
"Hepatitis B","Chronic cases","Gender-specific rate","N/100000","2008","EUEEAUK_21","EU/EEA (with UK until 2019)",2,"Female",3.599142000
"Hepatitis B","Chronic cases","Gender-specific rate","N/100000","2008","FI","Finland",1,"Male",6.585060690
"Hepatitis B","Chronic cases","Gender-specific rate","N/100000","2008","FI","Finland",2,"Female",4.105489630
"Hepatitis B","Chronic cases","Gender-specific rate","N/100000","2008","IE","Ireland",1,"Male",17.289741030
"Hepatitis B","Chronic cases","Gender-specific rate","N/100000","2008","IE","Ireland",2,"Female",14.253627610
"Hepatitis B","Chronic cases","Gender-specific rate","N/100000","2008","LV","Latvia",1,"Male",26.711921360
"Hepatitis B","Chronic cases","Gender-specific rate","N/100000","2008","LV","Latvia",2,"Female",14.602002580
"Hepatitis B","Chronic cases","Gender-specific rate","N/100000","2008","MT","Malta",1,"Male",0.000000000
"Hepatitis B","Chronic cases","Gender-specific rate","N/100000","2008","MT","Malta",2,"Female",0.000000000
"Hepatitis B","Chronic cases","Gender-specific rate","N/100000","2008","NL","Netherlands",1,"Male",11.402757340
"Hepatitis B","Chronic cases","Gender-specific rate","N/100000","2008","NL","Netherlands",2,"Female",8.006437940
"Hepatitis B","Chronic cases","Gender-specific rate","N/100000","2008","NO","Norway",1,"Male",16.061431790
"Hepatitis B","Chronic cases","Gender-specific rate","N/100000","2008","NO","Norway",2,"Female",11.945416170
"Hepatitis B","Chronic cases","Gender-specific rate","N/100000","2008","PT","Portugal",1,"Male",0.000000000
"Hepatitis B","Chronic cases","Gender-specific rate","N/100000","2008","PT","Portugal",2,"Female",0.000000000
"Hepatitis B","Chronic cases","Gender-specific rate","N/100000","2008","SE","Sweden",1,"Male",15.184311910
"Hepatitis B","Chronic cases","Gender-specific rate","N/100000","2008","SE","Sweden",2,"Female",10.435145570
"Hepatitis B","Chronic cases","Gender-specific rate","N/100000","2008","SI","Slovenia",1,"Male",2.432762000
"Hepatitis B","Chronic cases","Gender-specific rate","N/100000","2008","SI","Slovenia",2,"Female",1.269858630
"Hepatitis B","Chronic cases","Gender-specific rate","N/100000","2008","SK","Slovakia",1,"Male",1.721705110
"Hepatitis B","Chronic cases","Gender-specific rate","N/100000","2008","SK","Slovakia",2,"Female",0.977419430
"Hepatitis B","Chronic cases","Gender-specific rate","N/100000","2008","UK","United Kingdom",1,"Male",6.313233960
"Hepatitis B","Chronic cases","Gender-specific rate","N/100000","2008","UK","United Kingdom",2,"Female",5.437578430
"Hepatitis B","Chronic cases","Gender-specific rate","N/100000","2009","AT","Austria",1,"Male",4.387548720
"Hepatitis B","Chronic cases","Gender-specific rate","N/100000","2009","AT","Austria",2,"Female",3.553005700
"Hepatitis B","Chronic cases","Gender-specific rate","N/100000","2009","CY","Cyprus",1,"Male",0.000000000
"Hepatitis B","Chronic cases","Gender-specific rate","N/100000","2009","CY","Cyprus",2,"Female",0.245697830
"Hepatitis B","Chronic cases","Gender-specific rate","N/100000","2009","DE","Germany",1,"Male",0.000000000
"Hepatitis B","Chronic cases","Gender-specific rate","N/100000","2009","DE","Germany",2,"Female",0.000000000
"Hepatitis B","Chronic cases","Gender-specific rate","N/100000","2009","DK","Denmark",1,"Male",2.928236250
"Hepatitis B","Chronic cases","Gender-specific rate","N/100000","2009","DK","Denmark",2,"Female",2.806329780
"Hepatitis B","Chronic cases","Gender-specific rate","N/100000","2009","EE","Estonia",1,"Male",2.897057870
"Hepatitis B","Chronic cases","Gender-specific rate","N/100000","2009","EE","Estonia",2,"Female",2.099605270
"Hepatitis B","Chronic cases","Gender-specific rate","N/100000","2009","EU27_21","EU (without UK)",1,"Male",3.941999000
"Hepatitis B","Chronic cases","Gender-specific rate","N/100000","2009","EU27_21","EU (without UK)",2,"Female",2.693693000
"Hepatitis B","Chronic cases","Gender-specific rate","N/100000","2009","EU27_UK_21","EU (with UK until 2019)",1,"Male",5.138669000
"Hepatitis B","Chronic cases","Gender-specific rate","N/100000","2009","EU27_UK_21","EU (with UK until 2019)",2,"Female",3.832259000
"Hepatitis B","Chronic cases","Gender-specific rate","N/100000","2009","EUEEA30_21","EU/EEA (without UK)",1,"Male",4.438325000
"Hepatitis B","Chronic cases","Gender-specific rate","N/100000","2009","EUEEA30_21","EU/EEA (without UK)",2,"Female",2.923525000
"Hepatitis B","Chronic cases","Gender-specific rate","N/100000","2009","EUEEAUK_21","EU/EEA (with UK until 2019)",1,"Male",5.469145000
"Hepatitis B","Chronic cases","Gender-specific rate","N/100000","2009","EUEEAUK_21","EU/EEA (with UK until 2019)",2,"Female",3.973274000
"Hepatitis B","Chronic cases","Gender-specific rate","N/100000","2009","FI","Finland",1,"Male",8.040884450
"Hepatitis B","Chronic cases","Gender-specific rate","N/100000","2009","FI","Finland",2,"Female",4.715137540
"Hepatitis B","Chronic cases","Gender-specific rate","N/100000","2009","IE","Ireland",1,"Male",16.203080980
"Hepatitis B","Chronic cases","Gender-specific rate","N/100000","2009","IE","Ireland",2,"Female",13.399956970
"Hepatitis B","Chronic cases","Gender-specific rate","N/100000","2009","LV","Latvia",1,"Male",17.831094200
"Hepatitis B","Chronic cases","Gender-specific rate","N/100000","2009","LV","Latvia",2,"Female",13.758496510
"Hepatitis B","Chronic cases","Gender-specific rate","N/100000","2009","MT","Malta",1,"Male",8.308611140
"Hepatitis B","Chronic cases","Gender-specific rate","N/100000","2009","MT","Malta",2,"Female",0.484686330
"Hepatitis B","Chronic cases","Gender-specific rate","N/100000","2009","NL","Netherlands",1,"Male",12.873332780
"Hepatitis B","Chronic cases","Gender-specific rate","N/100000","2009","NL","Netherlands",2,"Female",8.764146140
"Hepatitis B","Chronic cases","Gender-specific rate","N/100000","2009","NO","Norway",1,"Male",20.083062880
"Hepatitis B","Chronic cases","Gender-specific rate","N/100000","2009","NO","Norway",2,"Female",10.440067560
"Hepatitis B","Chronic cases","Gender-specific rate","N/100000","2009","PT","Portugal",1,"Male",0.000000000
"Hepatitis B","Chronic cases","Gender-specific rate","N/100000","2009","PT","Portugal",2,"Female",0.000000000
"Hepatitis B","Chronic cases","Gender-specific rate","N/100000","2009","SE","Sweden",1,"Male",17.290402740
"Hepatitis B","Chronic cases","Gender-specific rate","N/100000","2009","SE","Sweden",2,"Female",10.983018870
"Hepatitis B","Chronic cases","Gender-specific rate","N/100000","2009","SI","Slovenia",1,"Male",1.992141000
"Hepatitis B","Chronic cases","Gender-specific rate","N/100000","2009","SI","Slovenia",2,"Female",0.875131390
"Hepatitis B","Chronic cases","Gender-specific rate","N/100000","2009","SK","Slovakia",1,"Male",2.482491740
"Hepatitis B","Chronic cases","Gender-specific rate","N/100000","2009","SK","Slovakia",2,"Female",1.013001140
"Hepatitis B","Chronic cases","Gender-specific rate","N/100000","2009","UK","United Kingdom",1,"Male",8.108837630
"Hepatitis B","Chronic cases","Gender-specific rate","N/100000","2009","UK","United Kingdom",2,"Female",6.662963820
"Hepatitis B","Chronic cases","Gender-specific rate","N/100000","2010","AT","Austria",1,"Male",7.746788710
"Hepatitis B","Chronic cases","Gender-specific rate","N/100000","2010","AT","Austria",2,"Female",6.557083260
"Hepatitis B","Chronic cases","Gender-specific rate","N/100000","2010","CY","Cyprus",1,"Male",0.000000000
"Hepatitis B","Chronic cases","Gender-specific rate","N/100000","2010","CY","Cyprus",2,"Female",0.000000000
"Hepatitis B","Chronic cases","Gender-specific rate","N/100000","2010","DE","Germany",1,"Male",0.000000000
"Hepatitis B","Chronic cases","Gender-specific rate","N/100000","2010","DE","Germany",2,"Female",0.002398150
"Hepatitis B","Chronic cases","Gender-specific rate","N/100000","2010","DK","Denmark",1,"Male",3.098473870
"Hepatitis B","Chronic cases","Gender-specific rate","N/100000","2010","DK","Denmark",2,"Female",3.546541360
"Hepatitis B","Chronic cases","Gender-specific rate","N/100000","2010","EE","Estonia",1,"Male",3.382731950
"Hepatitis B","Chronic cases","Gender-specific rate","N/100000","2010","EE","Estonia",2,"Female",1.824587010
"Hepatitis B","Chronic cases","Gender-specific rate","N/100000","2010","EU27_21","EU (without UK)",1,"Male",3.810693000
"Hepatitis B","Chronic cases","Gender-specific rate","N/100000","2010","EU27_21","EU (without UK)",2,"Female",2.680146000
"Hepatitis B","Chronic cases","Gender-specific rate","N/100000","2010","EU27_UK_21","EU (with UK until 2019)",1,"Male",5.218961000
"Hepatitis B","Chronic cases","Gender-specific rate","N/100000","2010","EU27_UK_21","EU (with UK until 2019)",2,"Female",3.977484000
"Hepatitis B","Chronic cases","Gender-specific rate","N/100000","2010","EUEEA30_21","EU/EEA (without UK)",1,"Male",4.221740000
"Hepatitis B","Chronic cases","Gender-specific rate","N/100000","2010","EUEEA30_21","EU/EEA (without UK)",2,"Female",2.893300000
"Hepatitis B","Chronic cases","Gender-specific rate","N/100000","2010","EUEEAUK_21","EU/EEA (with UK until 2019)",1,"Male",5.482521000
"Hepatitis B","Chronic cases","Gender-specific rate","N/100000","2010","EUEEAUK_21","EU/EEA (with UK until 2019)",2,"Female",4.102602000
"Hepatitis B","Chronic cases","Gender-specific rate","N/100000","2010","FI","Finland",1,"Male",5.828422660
"Hepatitis B","Chronic cases","Gender-specific rate","N/100000","2010","FI","Finland",2,"Female",3.484499470
"Hepatitis B","Chronic cases","Gender-specific rate","N/100000","2010","IE","Ireland",1,"Male",12.384043330
"Hepatitis B","Chronic cases","Gender-specific rate","N/100000","2010","IE","Ireland",2,"Female",12.016846300
"Hepatitis B","Chronic cases","Gender-specific rate","N/100000","2010","LV","Latvia",1,"Male",13.595198830
"Hepatitis B","Chronic cases","Gender-specific rate","N/100000","2010","LV","Latvia",2,"Female",9.916725600
"Hepatitis B","Chronic cases","Gender-specific rate","N/100000","2010","MT","Malta",1,"Male",5.334548960
"Hepatitis B","Chronic cases","Gender-specific rate","N/100000","2010","MT","Malta",2,"Female",2.405881900
"Hepatitis B","Chronic cases","Gender-specific rate","N/100000","2010","NL","Netherlands",1,"Male",11.324467820
"Hepatitis B","Chronic cases","Gender-specific rate","N/100000","2010","NL","Netherlands",2,"Female",7.692755180
"Hepatitis B","Chronic cases","Gender-specific rate","N/100000","2010","NO","Norway",1,"Male",17.018632310
"Hepatitis B","Chronic cases","Gender-specific rate","N/100000","2010","NO","Norway",2,"Female",9.788409940
"Hepatitis B","Chronic cases","Gender-specific rate","N/100000","2010","PT","Portugal",1,"Male",0.000000000
"Hepatitis B","Chronic cases","Gender-specific rate","N/100000","2010","PT","Portugal",2,"Female",0.000000000
"Hepatitis B","Chronic cases","Gender-specific rate","N/100000","2010","SE","Sweden",1,"Male",18.584585890
"Hepatitis B","Chronic cases","Gender-specific rate","N/100000","2010","SE","Sweden",2,"Female",11.445822670
"Hepatitis B","Chronic cases","Gender-specific rate","N/100000","2010","SI","Slovenia",1,"Male",2.268005240
"Hepatitis B","Chronic cases","Gender-specific rate","N/100000","2010","SI","Slovenia",2,"Female",1.161812380
"Hepatitis B","Chronic cases","Gender-specific rate","N/100000","2010","SK","Slovakia",1,"Male",2.515679160
"Hepatitis B","Chronic cases","Gender-specific rate","N/100000","2010","SK","Slovakia",2,"Female",1.156544010
"Hepatitis B","Chronic cases","Gender-specific rate","N/100000","2010","UK","United Kingdom",1,"Male",8.688118170
"Hepatitis B","Chronic cases","Gender-specific rate","N/100000","2010","UK","United Kingdom",2,"Female",7.182098140
"Hepatitis B","Chronic cases","Gender-specific rate","N/100000","2011","AT","Austria",1,"Male",6.398829480
"Hepatitis B","Chronic cases","Gender-specific rate","N/100000","2011","AT","Austria",2,"Female",4.492244820
"Hepatitis B","Chronic cases","Gender-specific rate","N/100000","2011","CY","Cyprus",1,"Male",0.000000000
"Hepatitis B","Chronic cases","Gender-specific rate","N/100000","2011","CY","Cyprus",2,"Female",0.000000000
"Hepatitis B","Chronic cases","Gender-specific rate","N/100000","2011","DE","Germany",1,"Male",0.002555930
"Hepatitis B","Chronic cases","Gender-specific rate","N/100000","2011","DE","Germany",2,"Female",0.002433240
"Hepatitis B","Chronic cases","Gender-specific rate","N/100000","2011","DK","Denmark",1,"Male",3.373743280
"Hepatitis B","Chronic cases","Gender-specific rate","N/100000","2011","DK","Denmark",2,"Female",5.920017000
"Hepatitis B","Chronic cases","Gender-specific rate","N/100000","2011","EE","Estonia",1,"Male",2.904631270
"Hepatitis B","Chronic cases","Gender-specific rate","N/100000","2011","EE","Estonia",2,"Female",1.549383060
"Hepatitis B","Chronic cases","Gender-specific rate","N/100000","2011","EU27_21","EU (without UK)",1,"Male",3.094269000
"Hepatitis B","Chronic cases","Gender-specific rate","N/100000","2011","EU27_21","EU (without UK)",2,"Female",2.154050000
"Hepatitis B","Chronic cases","Gender-specific rate","N/100000","2011","EU27_UK_21","EU (with UK until 2019)",1,"Male",5.684804000
"Hepatitis B","Chronic cases","Gender-specific rate","N/100000","2011","EU27_UK_21","EU (with UK until 2019)",2,"Female",4.386260000
"Hepatitis B","Chronic cases","Gender-specific rate","N/100000","2011","EUEEA30_21","EU/EEA (without UK)",1,"Male",3.452371000
"Hepatitis B","Chronic cases","Gender-specific rate","N/100000","2011","EUEEA30_21","EU/EEA (without UK)",2,"Female",2.364332000
"Hepatitis B","Chronic cases","Gender-specific rate","N/100000","2011","EUEEAUK_21","EU/EEA (with UK until 2019)",1,"Male",5.897406000
"Hepatitis B","Chronic cases","Gender-specific rate","N/100000","2011","EUEEAUK_21","EU/EEA (with UK until 2019)",2,"Female",4.498896000
"Hepatitis B","Chronic cases","Gender-specific rate","N/100000","2011","FI","Finland",1,"Male",5.154607910
"Hepatitis B","Chronic cases","Gender-specific rate","N/100000","2011","FI","Finland",2,"Female",3.398054700
"Hepatitis B","Chronic cases","Gender-specific rate","N/100000","2011","HR","Croatia",1,"Male",0.000000000
"Hepatitis B","Chronic cases","Gender-specific rate","N/100000","2011","HR","Croatia",2,"Female",0.045022630
"Hepatitis B","Chronic cases","Gender-specific rate","N/100000","2011","IE","Ireland",1,"Male",9.782209240
"Hepatitis B","Chronic cases","Gender-specific rate","N/100000","2011","IE","Ireland",2,"Female",9.863325590
"Hepatitis B","Chronic cases","Gender-specific rate","N/100000","2011","LV","Latvia",1,"Male",14.346914720
"Hepatitis B","Chronic cases","Gender-specific rate","N/100000","2011","LV","Latvia",2,"Female",12.159770500
"Hepatitis B","Chronic cases","Gender-specific rate","N/100000","2011","MT","Malta",1,"Male",10.658656520
"Hepatitis B","Chronic cases","Gender-specific rate","N/100000","2011","MT","Malta",2,"Female",4.794231580
"Hepatitis B","Chronic cases","Gender-specific rate","N/100000","2011","NL","Netherlands",1,"Male",11.039024520
"Hepatitis B","Chronic cases","Gender-specific rate","N/100000","2011","NL","Netherlands",2,"Female",7.477131440
"Hepatitis B","Chronic cases","Gender-specific rate","N/100000","2011","NO","Norway",1,"Male",16.051370880
"Hepatitis B","Chronic cases","Gender-specific rate","N/100000","2011","NO","Norway",2,"Female",10.124190060
"Hepatitis B","Chronic cases","Gender-specific rate","N/100000","2011","PT","Portugal",1,"Male",0.019788090
"Hepatitis B","Chronic cases","Gender-specific rate","N/100000","2011","PT","Portugal",2,"Female",0.000000000
"Hepatitis B","Chronic cases","Gender-specific rate","N/100000","2011","RO","Romania",1,"Male",0.000000000
"Hepatitis B","Chronic cases","Gender-specific rate","N/100000","2011","RO","Romania",2,"Female",0.019293640
"Hepatitis B","Chronic cases","Gender-specific rate","N/100000","2011","SE","Sweden",1,"Male",16.907435940
"Hepatitis B","Chronic cases","Gender-specific rate","N/100000","2011","SE","Sweden",2,"Female",9.459664790
"Hepatitis B","Chronic cases","Gender-specific rate","N/100000","2011","SI","Slovenia",1,"Male",3.449761120
"Hepatitis B","Chronic cases","Gender-specific rate","N/100000","2011","SI","Slovenia",2,"Female",1.062159500
"Hepatitis B","Chronic cases","Gender-specific rate","N/100000","2011","SK","Slovakia",1,"Male",1.942729100
"Hepatitis B","Chronic cases","Gender-specific rate","N/100000","2011","SK","Slovakia",2,"Female",0.975689780
"Hepatitis B","Chronic cases","Gender-specific rate","N/100000","2011","UK","United Kingdom",1,"Male",12.931206930
"Hepatitis B","Chronic cases","Gender-specific rate","N/100000","2011","UK","United Kingdom",2,"Female",10.703289980
"Hepatitis B","Chronic cases","Gender-specific rate","N/100000","2012","AT","Austria",1,"Male",6.222328930
"Hepatitis B","Chronic cases","Gender-specific rate","N/100000","2012","AT","Austria",2,"Female",4.988425690
"Hepatitis B","Chronic cases","Gender-specific rate","N/100000","2012","CY","Cyprus",1,"Male",0.000000000
"Hepatitis B","Chronic cases","Gender-specific rate","N/100000","2012","CY","Cyprus",2,"Female",0.000000000
"Hepatitis B","Chronic cases","Gender-specific rate","N/100000","2012","DE","Germany",1,"Male",0.005098140
"Hepatitis B","Chronic cases","Gender-specific rate","N/100000","2012","DE","Germany",2,"Female",0.000000000
"Hepatitis B","Chronic cases","Gender-specific rate","N/100000","2012","DK","Denmark",1,"Male",4.228748550
"Hepatitis B","Chronic cases","Gender-specific rate","N/100000","2012","DK","Denmark",2,"Female",6.965817730
"Hepatitis B","Chronic cases","Gender-specific rate","N/100000","2012","EE","Estonia",1,"Male",4.044404320
"Hepatitis B","Chronic cases","Gender-specific rate","N/100000","2012","EE","Estonia",2,"Female",2.404257510
"Hepatitis B","Chronic cases","Gender-specific rate","N/100000","2012","EU27_21","EU (without UK)",1,"Male",3.231903000
"Hepatitis B","Chronic cases","Gender-specific rate","N/100000","2012","EU27_21","EU (without UK)",2,"Female",2.162638000
"Hepatitis B","Chronic cases","Gender-specific rate","N/100000","2012","EU27_UK_21","EU (with UK until 2019)",1,"Male",6.149999000
"Hepatitis B","Chronic cases","Gender-specific rate","N/100000","2012","EU27_UK_21","EU (with UK until 2019)",2,"Female",4.687260000
"Hepatitis B","Chronic cases","Gender-specific rate","N/100000","2012","EUEEA30_21","EU/EEA (without UK)",1,"Male",3.532525000
"Hepatitis B","Chronic cases","Gender-specific rate","N/100000","2012","EUEEA30_21","EU/EEA (without UK)",2,"Female",2.380442000
"Hepatitis B","Chronic cases","Gender-specific rate","N/100000","2012","EUEEAUK_21","EU/EEA (with UK until 2019)",1,"Male",6.312179000
"Hepatitis B","Chronic cases","Gender-specific rate","N/100000","2012","EUEEAUK_21","EU/EEA (with UK until 2019)",2,"Female",4.799074000
"Hepatitis B","Chronic cases","Gender-specific rate","N/100000","2012","FI","Finland",1,"Male",4.976373530
"Hepatitis B","Chronic cases","Gender-specific rate","N/100000","2012","FI","Finland",2,"Female",3.528898580
"Hepatitis B","Chronic cases","Gender-specific rate","N/100000","2012","HR","Croatia",1,"Male",0.000000000
"Hepatitis B","Chronic cases","Gender-specific rate","N/100000","2012","HR","Croatia",2,"Female",0.000000000
"Hepatitis B","Chronic cases","Gender-specific rate","N/100000","2012","IE","Ireland",1,"Male",12.708888610
"Hepatitis B","Chronic cases","Gender-specific rate","N/100000","2012","IE","Ireland",2,"Female",9.329292940
"Hepatitis B","Chronic cases","Gender-specific rate","N/100000","2012","LV","Latvia",1,"Male",14.548379780
"Hepatitis B","Chronic cases","Gender-specific rate","N/100000","2012","LV","Latvia",2,"Female",10.900891080
"Hepatitis B","Chronic cases","Gender-specific rate","N/100000","2012","MT","Malta",1,"Male",0.000000000
"Hepatitis B","Chronic cases","Gender-specific rate","N/100000","2012","MT","Malta",2,"Female",0.000000000
"Hepatitis B","Chronic cases","Gender-specific rate","N/100000","2012","NL","Netherlands",1,"Male",9.839583400
"Hepatitis B","Chronic cases","Gender-specific rate","N/100000","2012","NL","Netherlands",2,"Female",6.013629860
"Hepatitis B","Chronic cases","Gender-specific rate","N/100000","2012","NO","Norway",1,"Male",13.966307180
"Hepatitis B","Chronic cases","Gender-specific rate","N/100000","2012","NO","Norway",2,"Female",10.333739570
"Hepatitis B","Chronic cases","Gender-specific rate","N/100000","2012","PT","Portugal",1,"Male",0.000000000
"Hepatitis B","Chronic cases","Gender-specific rate","N/100000","2012","PT","Portugal",2,"Female",0.018142360
"Hepatitis B","Chronic cases","Gender-specific rate","N/100000","2012","RO","Romania",1,"Male",0.132963660
"Hepatitis B","Chronic cases","Gender-specific rate","N/100000","2012","RO","Romania",2,"Female",0.203510280
"Hepatitis B","Chronic cases","Gender-specific rate","N/100000","2012","SE","Sweden",1,"Male",19.992240040
"Hepatitis B","Chronic cases","Gender-specific rate","N/100000","2012","SE","Sweden",2,"Female",11.248899020
"Hepatitis B","Chronic cases","Gender-specific rate","N/100000","2012","SI","Slovenia",1,"Male",1.672025340
"Hepatitis B","Chronic cases","Gender-specific rate","N/100000","2012","SI","Slovenia",2,"Female",0.866413480
"Hepatitis B","Chronic cases","Gender-specific rate","N/100000","2012","SK","Slovakia",1,"Male",2.165857570
"Hepatitis B","Chronic cases","Gender-specific rate","N/100000","2012","SK","Slovakia",2,"Female",1.009893340
"Hepatitis B","Chronic cases","Gender-specific rate","N/100000","2012","UK","United Kingdom",1,"Male",14.260037990
"Hepatitis B","Chronic cases","Gender-specific rate","N/100000","2012","UK","United Kingdom",2,"Female",11.787965560
"Hepatitis B","Chronic cases","Gender-specific rate","N/100000","2013","AT","Austria",1,"Male",6.741646050
"Hepatitis B","Chronic cases","Gender-specific rate","N/100000","2013","AT","Austria",2,"Female",4.828754790
"Hepatitis B","Chronic cases","Gender-specific rate","N/100000","2013","CY","Cyprus",1,"Male",0.475018760
"Hepatitis B","Chronic cases","Gender-specific rate","N/100000","2013","CY","Cyprus",2,"Female",0.224798910
"Hepatitis B","Chronic cases","Gender-specific rate","N/100000","2013","DE","Germany",1,"Male",0.002539290
"Hepatitis B","Chronic cases","Gender-specific rate","N/100000","2013","DE","Germany",2,"Female",0.000000000
"Hepatitis B","Chronic cases","Gender-specific rate","N/100000","2013","DK","Denmark",1,"Male",4.570232590
"Hepatitis B","Chronic cases","Gender-specific rate","N/100000","2013","DK","Denmark",2,"Female",6.409856870
"Hepatitis B","Chronic cases","Gender-specific rate","N/100000","2013","EE","Estonia",1,"Male",1.785230300
"Hepatitis B","Chronic cases","Gender-specific rate","N/100000","2013","EE","Estonia",2,"Female",1.988616590
"Hepatitis B","Chronic cases","Gender-specific rate","N/100000","2013","EU27_21","EU (without UK)",1,"Male",2.925162000
"Hepatitis B","Chronic cases","Gender-specific rate","N/100000","2013","EU27_21","EU (without UK)",2,"Female",1.951760000
"Hepatitis B","Chronic cases","Gender-specific rate","N/100000","2013","EU27_UK_21","EU (with UK until 2019)",1,"Male",5.774811000
"Hepatitis B","Chronic cases","Gender-specific rate","N/100000","2013","EU27_UK_21","EU (with UK until 2019)",2,"Female",4.271173000
"Hepatitis B","Chronic cases","Gender-specific rate","N/100000","2013","EUEEA30_21","EU/EEA (without UK)",1,"Male",3.217126000
"Hepatitis B","Chronic cases","Gender-specific rate","N/100000","2013","EUEEA30_21","EU/EEA (without UK)",2,"Female",2.164411000
"Hepatitis B","Chronic cases","Gender-specific rate","N/100000","2013","EUEEAUK_21","EU/EEA (with UK until 2019)",1,"Male",5.949284000
"Hepatitis B","Chronic cases","Gender-specific rate","N/100000","2013","EUEEAUK_21","EU/EEA (with UK until 2019)",2,"Female",4.396415000
"Hepatitis B","Chronic cases","Gender-specific rate","N/100000","2013","FI","Finland",1,"Male",5.362589820
"Hepatitis B","Chronic cases","Gender-specific rate","N/100000","2013","FI","Finland",2,"Female",3.804276150
"Hepatitis B","Chronic cases","Gender-specific rate","N/100000","2013","HR","Croatia",1,"Male",0.000000000
"Hepatitis B","Chronic cases","Gender-specific rate","N/100000","2013","HR","Croatia",2,"Female",0.000000000
"Hepatitis B","Chronic cases","Gender-specific rate","N/100000","2013","IE","Ireland",1,"Male",9.590700430
"Hepatitis B","Chronic cases","Gender-specific rate","N/100000","2013","IE","Ireland",2,"Female",7.178729290
"Hepatitis B","Chronic cases","Gender-specific rate","N/100000","2013","LU","Luxembourg",1,"Male",12.667093870
"Hepatitis B","Chronic cases","Gender-specific rate","N/100000","2013","LU","Luxembourg",2,"Female",1.116790190
"Hepatitis B","Chronic cases","Gender-specific rate","N/100000","2013","LV","Latvia",1,"Male",12.735003990
"Hepatitis B","Chronic cases","Gender-specific rate","N/100000","2013","LV","Latvia",2,"Female",9.933970990
"Hepatitis B","Chronic cases","Gender-specific rate","N/100000","2013","MT","Malta",1,"Male",2.376617880
"Hepatitis B","Chronic cases","Gender-specific rate","N/100000","2013","MT","Malta",2,"Female",0.942835860
"Hepatitis B","Chronic cases","Gender-specific rate","N/100000","2013","NL","Netherlands",1,"Male",8.366096530
"Hepatitis B","Chronic cases","Gender-specific rate","N/100000","2013","NL","Netherlands",2,"Female",5.287860250
"Hepatitis B","Chronic cases","Gender-specific rate","N/100000","2013","NO","Norway",1,"Male",15.379106810
"Hepatitis B","Chronic cases","Gender-specific rate","N/100000","2013","NO","Norway",2,"Female",11.529132720
"Hepatitis B","Chronic cases","Gender-specific rate","N/100000","2013","PL","Poland",1,"Male",2.051438680
"Hepatitis B","Chronic cases","Gender-specific rate","N/100000","2013","PL","Poland",2,"Female",1.634715690
"Hepatitis B","Chronic cases","Gender-specific rate","N/100000","2013","PT","Portugal",1,"Male",0.020017220
"Hepatitis B","Chronic cases","Gender-specific rate","N/100000","2013","PT","Portugal",2,"Female",0.000000000
"Hepatitis B","Chronic cases","Gender-specific rate","N/100000","2013","RO","Romania",1,"Male",0.092199130
"Hepatitis B","Chronic cases","Gender-specific rate","N/100000","2013","RO","Romania",2,"Female",0.146218860
"Hepatitis B","Chronic cases","Gender-specific rate","N/100000","2013","SE","Sweden",1,"Male",20.227008300
"Hepatitis B","Chronic cases","Gender-specific rate","N/100000","2013","SE","Sweden",2,"Female",11.252637790
"Hepatitis B","Chronic cases","Gender-specific rate","N/100000","2013","SI","Slovenia",1,"Male",2.453238810
"Hepatitis B","Chronic cases","Gender-specific rate","N/100000","2013","SI","Slovenia",2,"Female",0.673232280
"Hepatitis B","Chronic cases","Gender-specific rate","N/100000","2013","SK","Slovakia",1,"Male",3.034925540
"Hepatitis B","Chronic cases","Gender-specific rate","N/100000","2013","SK","Slovakia",2,"Female",1.477553610
"Hepatitis B","Chronic cases","Gender-specific rate","N/100000","2013","UK","United Kingdom",1,"Male",15.354177950
"Hepatitis B","Chronic cases","Gender-specific rate","N/100000","2013","UK","United Kingdom",2,"Female",12.181141210
"Hepatitis B","Chronic cases","Gender-specific rate","N/100000","2014","AT","Austria",1,"Male",12.971264190
"Hepatitis B","Chronic cases","Gender-specific rate","N/100000","2014","AT","Austria",2,"Female",9.925451130
"Hepatitis B","Chronic cases","Gender-specific rate","N/100000","2014","CY","Cyprus",1,"Male",0.000000000
"Hepatitis B","Chronic cases","Gender-specific rate","N/100000","2014","CY","Cyprus",2,"Female",0.000000000
"Hepatitis B","Chronic cases","Gender-specific rate","N/100000","2014","CZ","Czechia",1,"Male",0.019370910
"Hepatitis B","Chronic cases","Gender-specific rate","N/100000","2014","CZ","Czechia",2,"Female",0.000000000
"Hepatitis B","Chronic cases","Gender-specific rate","N/100000","2014","DE","Germany",1,"Male",0.002528000
"Hepatitis B","Chronic cases","Gender-specific rate","N/100000","2014","DE","Germany",2,"Female",0.004853120
"Hepatitis B","Chronic cases","Gender-specific rate","N/100000","2014","DK","Denmark",1,"Male",3.115734490
"Hepatitis B","Chronic cases","Gender-specific rate","N/100000","2014","DK","Denmark",2,"Female",5.855470060
"Hepatitis B","Chronic cases","Gender-specific rate","N/100000","2014","EE","Estonia",1,"Male",2.764591750
"Hepatitis B","Chronic cases","Gender-specific rate","N/100000","2014","EE","Estonia",2,"Female",1.284063340
"Hepatitis B","Chronic cases","Gender-specific rate","N/100000","2014","EU27_21","EU (without UK)",1,"Male",3.376565000
"Hepatitis B","Chronic cases","Gender-specific rate","N/100000","2014","EU27_21","EU (without UK)",2,"Female",2.136161000
"Hepatitis B","Chronic cases","Gender-specific rate","N/100000","2014","EU27_UK_21","EU (with UK until 2019)",1,"Male",6.634522000
"Hepatitis B","Chronic cases","Gender-specific rate","N/100000","2014","EU27_UK_21","EU (with UK until 2019)",2,"Female",4.696388000
"Hepatitis B","Chronic cases","Gender-specific rate","N/100000","2014","EUEEA30_21","EU/EEA (without UK)",1,"Male",3.665590000
"Hepatitis B","Chronic cases","Gender-specific rate","N/100000","2014","EUEEA30_21","EU/EEA (without UK)",2,"Female",2.285003000
"Hepatitis B","Chronic cases","Gender-specific rate","N/100000","2014","EUEEAUK_21","EU/EEA (with UK until 2019)",1,"Male",6.802972000
"Hepatitis B","Chronic cases","Gender-specific rate","N/100000","2014","EUEEAUK_21","EU/EEA (with UK until 2019)",2,"Female",4.770135000
"Hepatitis B","Chronic cases","Gender-specific rate","N/100000","2014","FI","Finland",1,"Male",5.409713000
"Hepatitis B","Chronic cases","Gender-specific rate","N/100000","2014","FI","Finland",2,"Female",4.078088530
"Hepatitis B","Chronic cases","Gender-specific rate","N/100000","2014","HR","Croatia",1,"Male",0.000000000
"Hepatitis B","Chronic cases","Gender-specific rate","N/100000","2014","HR","Croatia",2,"Female",0.000000000
"Hepatitis B","Chronic cases","Gender-specific rate","N/100000","2014","IE","Ireland",1,"Male",10.018076090
"Hepatitis B","Chronic cases","Gender-specific rate","N/100000","2014","IE","Ireland",2,"Female",6.404776760
"Hepatitis B","Chronic cases","Gender-specific rate","N/100000","2014","LU","Luxembourg",1,"Male",3.634817180
"Hepatitis B","Chronic cases","Gender-specific rate","N/100000","2014","LU","Luxembourg",2,"Female",0.364215130
"Hepatitis B","Chronic cases","Gender-specific rate","N/100000","2014","LV","Latvia",1,"Male",15.266426400
"Hepatitis B","Chronic cases","Gender-specific rate","N/100000","2014","LV","Latvia",2,"Female",9.774783450
"Hepatitis B","Chronic cases","Gender-specific rate","N/100000","2014","MT","Malta",1,"Male",7.458060060
"Hepatitis B","Chronic cases","Gender-specific rate","N/100000","2014","MT","Malta",2,"Female",2.326761000
"Hepatitis B","Chronic cases","Gender-specific rate","N/100000","2014","NL","Netherlands",1,"Male",7.966994560
"Hepatitis B","Chronic cases","Gender-specific rate","N/100000","2014","NL","Netherlands",2,"Female",4.708705360
"Hepatitis B","Chronic cases","Gender-specific rate","N/100000","2014","NO","Norway",1,"Male",16.166687500
"Hepatitis B","Chronic cases","Gender-specific rate","N/100000","2014","NO","Norway",2,"Female",9.091041460
"Hepatitis B","Chronic cases","Gender-specific rate","N/100000","2014","PL","Poland",1,"Male",3.374273060
"Hepatitis B","Chronic cases","Gender-specific rate","N/100000","2014","PL","Poland",2,"Female",2.518623020
"Hepatitis B","Chronic cases","Gender-specific rate","N/100000","2014","PT","Portugal",1,"Male",0.040338680
"Hepatitis B","Chronic cases","Gender-specific rate","N/100000","2014","PT","Portugal",2,"Female",0.109703630
"Hepatitis B","Chronic cases","Gender-specific rate","N/100000","2014","RO","Romania",1,"Male",0.092345080
"Hepatitis B","Chronic cases","Gender-specific rate","N/100000","2014","RO","Romania",2,"Female",0.098027110
"Hepatitis B","Chronic cases","Gender-specific rate","N/100000","2014","SE","Sweden",1,"Male",24.447709210
"Hepatitis B","Chronic cases","Gender-specific rate","N/100000","2014","SE","Sweden",2,"Female",11.199652540
"Hepatitis B","Chronic cases","Gender-specific rate","N/100000","2014","SI","Slovenia",1,"Male",1.959105620
"Hepatitis B","Chronic cases","Gender-specific rate","N/100000","2014","SI","Slovenia",2,"Female",0.672940390
"Hepatitis B","Chronic cases","Gender-specific rate","N/100000","2014","SK","Slovakia",1,"Male",2.652459580
"Hepatitis B","Chronic cases","Gender-specific rate","N/100000","2014","SK","Slovakia",2,"Female",1.440460880
"Hepatitis B","Chronic cases","Gender-specific rate","N/100000","2014","UK","United Kingdom",1,"Male",18.058788860
"Hepatitis B","Chronic cases","Gender-specific rate","N/100000","2014","UK","United Kingdom",2,"Female",13.796786120
"Hepatitis B","Chronic cases","Gender-specific rate","N/100000","2015","AT","Austria",1,"Male",9.927633030
"Hepatitis B","Chronic cases","Gender-specific rate","N/100000","2015","AT","Austria",2,"Female",7.366811800
"Hepatitis B","Chronic cases","Gender-specific rate","N/100000","2015","CY","Cyprus",1,"Male",0.000000000
"Hepatitis B","Chronic cases","Gender-specific rate","N/100000","2015","CY","Cyprus",2,"Female",0.000000000
"Hepatitis B","Chronic cases","Gender-specific rate","N/100000","2015","CZ","Czechia",1,"Male",0.289747180
"Hepatitis B","Chronic cases","Gender-specific rate","N/100000","2015","CZ","Czechia",2,"Female",0.261128350
"Hepatitis B","Chronic cases","Gender-specific rate","N/100000","2015","DE","Germany",1,"Male",0.015061950
"Hepatitis B","Chronic cases","Gender-specific rate","N/100000","2015","DE","Germany",2,"Female",0.004835340
"Hepatitis B","Chronic cases","Gender-specific rate","N/100000","2015","DK","Denmark",1,"Male",4.802537440
"Hepatitis B","Chronic cases","Gender-specific rate","N/100000","2015","DK","Denmark",2,"Female",6.002735980
"Hepatitis B","Chronic cases","Gender-specific rate","N/100000","2015","EE","Estonia",1,"Male",2.440198850
"Hepatitis B","Chronic cases","Gender-specific rate","N/100000","2015","EE","Estonia",2,"Female",1.713879280
"Hepatitis B","Chronic cases","Gender-specific rate","N/100000","2015","EU27_21","EU (without UK)",1,"Male",3.739089000
"Hepatitis B","Chronic cases","Gender-specific rate","N/100000","2015","EU27_21","EU (without UK)",2,"Female",2.307878000
"Hepatitis B","Chronic cases","Gender-specific rate","N/100000","2015","EU27_UK_21","EU (with UK until 2019)",1,"Male",7.326032000
"Hepatitis B","Chronic cases","Gender-specific rate","N/100000","2015","EU27_UK_21","EU (with UK until 2019)",2,"Female",4.905840000
"Hepatitis B","Chronic cases","Gender-specific rate","N/100000","2015","EUEEA30_21","EU/EEA (without UK)",1,"Male",4.138147000
"Hepatitis B","Chronic cases","Gender-specific rate","N/100000","2015","EUEEA30_21","EU/EEA (without UK)",2,"Female",2.463113000
"Hepatitis B","Chronic cases","Gender-specific rate","N/100000","2015","EUEEAUK_21","EU/EEA (with UK until 2019)",1,"Male",7.570023000
"Hepatitis B","Chronic cases","Gender-specific rate","N/100000","2015","EUEEAUK_21","EU/EEA (with UK until 2019)",2,"Female",4.980820000
"Hepatitis B","Chronic cases","Gender-specific rate","N/100000","2015","FI","Finland",1,"Male",9.101503300
"Hepatitis B","Chronic cases","Gender-specific rate","N/100000","2015","FI","Finland",2,"Female",5.252006370
"Hepatitis B","Chronic cases","Gender-specific rate","N/100000","2015","HR","Croatia",1,"Male",0.049732530
"Hepatitis B","Chronic cases","Gender-specific rate","N/100000","2015","HR","Croatia",2,"Female",0.000000000
"Hepatitis B","Chronic cases","Gender-specific rate","N/100000","2015","IE","Ireland",1,"Male",12.535976090
"Hepatitis B","Chronic cases","Gender-specific rate","N/100000","2015","IE","Ireland",2,"Female",8.586105310
"Hepatitis B","Chronic cases","Gender-specific rate","N/100000","2015","IS","Iceland",1,"Male",3.026890890
"Hepatitis B","Chronic cases","Gender-specific rate","N/100000","2015","IS","Iceland",2,"Female",3.660456090
"Hepatitis B","Chronic cases","Gender-specific rate","N/100000","2015","LU","Luxembourg",1,"Male",0.354645140
"Hepatitis B","Chronic cases","Gender-specific rate","N/100000","2015","LU","Luxembourg",2,"Female",0.355889610
"Hepatitis B","Chronic cases","Gender-specific rate","N/100000","2015","LV","Latvia",1,"Male",21.948909520
"Hepatitis B","Chronic cases","Gender-specific rate","N/100000","2015","LV","Latvia",2,"Female",13.582797850
"Hepatitis B","Chronic cases","Gender-specific rate","N/100000","2015","MT","Malta",1,"Male",4.988933630
"Hepatitis B","Chronic cases","Gender-specific rate","N/100000","2015","MT","Malta",2,"Female",1.824792540
"Hepatitis B","Chronic cases","Gender-specific rate","N/100000","2015","NL","Netherlands",1,"Male",7.094351770
"Hepatitis B","Chronic cases","Gender-specific rate","N/100000","2015","NL","Netherlands",2,"Female",4.831219240
"Hepatitis B","Chronic cases","Gender-specific rate","N/100000","2015","NO","Norway",1,"Male",21.317334300
"Hepatitis B","Chronic cases","Gender-specific rate","N/100000","2015","NO","Norway",2,"Female",9.427427890
"Hepatitis B","Chronic cases","Gender-specific rate","N/100000","2015","PL","Poland",1,"Male",3.549460310
"Hepatitis B","Chronic cases","Gender-specific rate","N/100000","2015","PL","Poland",2,"Female",3.070104820
"Hepatitis B","Chronic cases","Gender-specific rate","N/100000","2015","PT","Portugal",1,"Male",0.974883340
"Hepatitis B","Chronic cases","Gender-specific rate","N/100000","2015","PT","Portugal",2,"Female",0.458618310
"Hepatitis B","Chronic cases","Gender-specific rate","N/100000","2015","RO","Romania",1,"Male",0.010301760
"Hepatitis B","Chronic cases","Gender-specific rate","N/100000","2015","RO","Romania",2,"Female",0.019678110
"Hepatitis B","Chronic cases","Gender-specific rate","N/100000","2015","SE","Sweden",1,"Male",29.493621000
"Hepatitis B","Chronic cases","Gender-specific rate","N/100000","2015","SE","Sweden",2,"Female",11.466396170
"Hepatitis B","Chronic cases","Gender-specific rate","N/100000","2015","SI","Slovenia",1,"Male",2.054334200
"Hepatitis B","Chronic cases","Gender-specific rate","N/100000","2015","SI","Slovenia",2,"Female",1.057036740
"Hepatitis B","Chronic cases","Gender-specific rate","N/100000","2015","SK","Slovakia",1,"Male",2.876251540
"Hepatitis B","Chronic cases","Gender-specific rate","N/100000","2015","SK","Slovakia",2,"Female",1.943130330
"Hepatitis B","Chronic cases","Gender-specific rate","N/100000","2015","UK","United Kingdom",1,"Male",19.840816690
"Hepatitis B","Chronic cases","Gender-specific rate","N/100000","2015","UK","United Kingdom",2,"Female",14.094176730
"Hepatitis B","Chronic cases","Gender-specific rate","N/100000","2016","AT","Austria",1,"Male",10.181266320
"Hepatitis B","Chronic cases","Gender-specific rate","N/100000","2016","AT","Austria",2,"Female",7.384960600
"Hepatitis B","Chronic cases","Gender-specific rate","N/100000","2016","CY","Cyprus",1,"Male",0.484622910
"Hepatitis B","Chronic cases","Gender-specific rate","N/100000","2016","CY","Cyprus",2,"Female",0.000000000
"Hepatitis B","Chronic cases","Gender-specific rate","N/100000","2016","CZ","Czechia",1,"Male",1.754612600
"Hepatitis B","Chronic cases","Gender-specific rate","N/100000","2016","CZ","Czechia",2,"Female",1.918952030
"Hepatitis B","Chronic cases","Gender-specific rate","N/100000","2016","DE","Germany",1,"Male",0.022214470
"Hepatitis B","Chronic cases","Gender-specific rate","N/100000","2016","DE","Germany",2,"Female",0.004800580
"Hepatitis B","Chronic cases","Gender-specific rate","N/100000","2016","DK","Denmark",1,"Male",3.981835780
"Hepatitis B","Chronic cases","Gender-specific rate","N/100000","2016","DK","Denmark",2,"Female",5.157937430
"Hepatitis B","Chronic cases","Gender-specific rate","N/100000","2016","EE","Estonia",1,"Male",1.459361640
"Hepatitis B","Chronic cases","Gender-specific rate","N/100000","2016","EE","Estonia",2,"Female",0.858079380
"Hepatitis B","Chronic cases","Gender-specific rate","N/100000","2016","EU27_21","EU (without UK)",1,"Male",3.640695000
"Hepatitis B","Chronic cases","Gender-specific rate","N/100000","2016","EU27_21","EU (without UK)",2,"Female",2.452905000
"Hepatitis B","Chronic cases","Gender-specific rate","N/100000","2016","EU27_UK_21","EU (with UK until 2019)",1,"Male",7.700490000
"Hepatitis B","Chronic cases","Gender-specific rate","N/100000","2016","EU27_UK_21","EU (with UK until 2019)",2,"Female",5.024760000
"Hepatitis B","Chronic cases","Gender-specific rate","N/100000","2016","EUEEA30_21","EU/EEA (without UK)",1,"Male",4.001836000
"Hepatitis B","Chronic cases","Gender-specific rate","N/100000","2016","EUEEA30_21","EU/EEA (without UK)",2,"Female",2.589655000
"Hepatitis B","Chronic cases","Gender-specific rate","N/100000","2016","EUEEAUK_21","EU/EEA (with UK until 2019)",1,"Male",7.905645000
"Hepatitis B","Chronic cases","Gender-specific rate","N/100000","2016","EUEEAUK_21","EU/EEA (with UK until 2019)",2,"Female",5.085466000
"Hepatitis B","Chronic cases","Gender-specific rate","N/100000","2016","FI","Finland",1,"Male",8.106637440
"Hepatitis B","Chronic cases","Gender-specific rate","N/100000","2016","FI","Finland",2,"Female",4.199843630
"Hepatitis B","Chronic cases","Gender-specific rate","N/100000","2016","HR","Croatia",1,"Male",0.000000000
"Hepatitis B","Chronic cases","Gender-specific rate","N/100000","2016","HR","Croatia",2,"Female",0.000000000
"Hepatitis B","Chronic cases","Gender-specific rate","N/100000","2016","IE","Ireland",1,"Male",9.875420070
"Hepatitis B","Chronic cases","Gender-specific rate","N/100000","2016","IE","Ireland",2,"Female",7.498497150
"Hepatitis B","Chronic cases","Gender-specific rate","N/100000","2016","IS","Iceland",1,"Male",4.184850830
"Hepatitis B","Chronic cases","Gender-specific rate","N/100000","2016","IS","Iceland",2,"Female",0.605110760
"Hepatitis B","Chronic cases","Gender-specific rate","N/100000","2016","LU","Luxembourg",1,"Male",20.747390150
"Hepatitis B","Chronic cases","Gender-specific rate","N/100000","2016","LU","Luxembourg",2,"Female",2.090184490
"Hepatitis B","Chronic cases","Gender-specific rate","N/100000","2016","LV","Latvia",1,"Male",21.674247120
"Hepatitis B","Chronic cases","Gender-specific rate","N/100000","2016","LV","Latvia",2,"Female",16.437203300
"Hepatitis B","Chronic cases","Gender-specific rate","N/100000","2016","MT","Malta",1,"Male",4.858743080
"Hepatitis B","Chronic cases","Gender-specific rate","N/100000","2016","MT","Malta",2,"Female",1.339172120
"Hepatitis B","Chronic cases","Gender-specific rate","N/100000","2016","NL","Netherlands",1,"Male",7.175838330
"Hepatitis B","Chronic cases","Gender-specific rate","N/100000","2016","NL","Netherlands",2,"Female",4.636775230
"Hepatitis B","Chronic cases","Gender-specific rate","N/100000","2016","NO","Norway",1,"Male",19.438753630
"Hepatitis B","Chronic cases","Gender-specific rate","N/100000","2016","NO","Norway",2,"Female",8.890276970
"Hepatitis B","Chronic cases","Gender-specific rate","N/100000","2016","PL","Poland",1,"Male",4.021322250
"Hepatitis B","Chronic cases","Gender-specific rate","N/100000","2016","PL","Poland",2,"Female",3.700835860
"Hepatitis B","Chronic cases","Gender-specific rate","N/100000","2016","PT","Portugal",1,"Male",0.754869570
"Hepatitis B","Chronic cases","Gender-specific rate","N/100000","2016","PT","Portugal",2,"Female",0.496339860
"Hepatitis B","Chronic cases","Gender-specific rate","N/100000","2016","RO","Romania",1,"Male",0.072540860
"Hepatitis B","Chronic cases","Gender-specific rate","N/100000","2016","RO","Romania",2,"Female",0.009890360
"Hepatitis B","Chronic cases","Gender-specific rate","N/100000","2016","SE","Sweden",1,"Male",25.410842410
"Hepatitis B","Chronic cases","Gender-specific rate","N/100000","2016","SE","Sweden",2,"Female",11.869795650
"Hepatitis B","Chronic cases","Gender-specific rate","N/100000","2016","SI","Slovenia",1,"Male",1.368078620
"Hepatitis B","Chronic cases","Gender-specific rate","N/100000","2016","SI","Slovenia",2,"Female",0.768598890
"Hepatitis B","Chronic cases","Gender-specific rate","N/100000","2016","SK","Slovakia",1,"Male",2.116336530
"Hepatitis B","Chronic cases","Gender-specific rate","N/100000","2016","SK","Slovakia",2,"Female",2.050234330
"Hepatitis B","Chronic cases","Gender-specific rate","N/100000","2016","UK","United Kingdom",1,"Male",21.839235140
"Hepatitis B","Chronic cases","Gender-specific rate","N/100000","2016","UK","United Kingdom",2,"Female",14.085582030
"Hepatitis B","Chronic cases","Gender-specific rate","N/100000","2017","AT","Austria",1,"Male",8.556638800
"Hepatitis B","Chronic cases","Gender-specific rate","N/100000","2017","AT","Austria",2,"Female",6.546462840
"Hepatitis B","Chronic cases","Gender-specific rate","N/100000","2017","CY","Cyprus",1,"Male",6.240054910
"Hepatitis B","Chronic cases","Gender-specific rate","N/100000","2017","CY","Cyprus",2,"Female",1.597666490
"Hepatitis B","Chronic cases","Gender-specific rate","N/100000","2017","CZ","Czechia",1,"Male",2.615039120
"Hepatitis B","Chronic cases","Gender-specific rate","N/100000","2017","CZ","Czechia",2,"Female",1.673443180
"Hepatitis B","Chronic cases","Gender-specific rate","N/100000","2017","DE","Germany",1,"Male",0.012285880
"Hepatitis B","Chronic cases","Gender-specific rate","N/100000","2017","DE","Germany",2,"Female",0.004781880
"Hepatitis B","Chronic cases","Gender-specific rate","N/100000","2017","DK","Denmark",1,"Male",3.915840200
"Hepatitis B","Chronic cases","Gender-specific rate","N/100000","2017","DK","Denmark",2,"Female",4.950510470
"Hepatitis B","Chronic cases","Gender-specific rate","N/100000","2017","EE","Estonia",1,"Male",0.485800060
"Hepatitis B","Chronic cases","Gender-specific rate","N/100000","2017","EE","Estonia",2,"Female",1.145972550
"Hepatitis B","Chronic cases","Gender-specific rate","N/100000","2017","EU27_21","EU (without UK)",1,"Male",2.769262000
"Hepatitis B","Chronic cases","Gender-specific rate","N/100000","2017","EU27_21","EU (without UK)",2,"Female",2.033803000
"Hepatitis B","Chronic cases","Gender-specific rate","N/100000","2017","EU27_UK_21","EU (with UK until 2019)",1,"Male",6.350606000
"Hepatitis B","Chronic cases","Gender-specific rate","N/100000","2017","EU27_UK_21","EU (with UK until 2019)",2,"Female",4.420429000
"Hepatitis B","Chronic cases","Gender-specific rate","N/100000","2017","EUEEA30_21","EU/EEA (without UK)",1,"Male",2.982324000
"Hepatitis B","Chronic cases","Gender-specific rate","N/100000","2017","EUEEA30_21","EU/EEA (without UK)",2,"Female",2.149393000
"Hepatitis B","Chronic cases","Gender-specific rate","N/100000","2017","EUEEAUK_21","EU/EEA (with UK until 2019)",1,"Male",6.448584000
"Hepatitis B","Chronic cases","Gender-specific rate","N/100000","2017","EUEEAUK_21","EU/EEA (with UK until 2019)",2,"Female",4.467597000
"Hepatitis B","Chronic cases","Gender-specific rate","N/100000","2017","FI","Finland",1,"Male",5.640912760
"Hepatitis B","Chronic cases","Gender-specific rate","N/100000","2017","FI","Finland",2,"Female",3.797962710
"Hepatitis B","Chronic cases","Gender-specific rate","N/100000","2017","HR","Croatia",1,"Male",0.153320610
"Hepatitis B","Chronic cases","Gender-specific rate","N/100000","2017","HR","Croatia",2,"Female",0.047123460
"Hepatitis B","Chronic cases","Gender-specific rate","N/100000","2017","IE","Ireland",1,"Male",10.642260410
"Hepatitis B","Chronic cases","Gender-specific rate","N/100000","2017","IE","Ireland",2,"Female",7.076452580
"Hepatitis B","Chronic cases","Gender-specific rate","N/100000","2017","IS","Iceland",1,"Male",25.726029470
"Hepatitis B","Chronic cases","Gender-specific rate","N/100000","2017","IS","Iceland",2,"Female",10.160415020
"Hepatitis B","Chronic cases","Gender-specific rate","N/100000","2017","LU","Luxembourg",1,"Male",0.337107810
"Hepatitis B","Chronic cases","Gender-specific rate","N/100000","2017","LU","Luxembourg",2,"Female",0.000000000
"Hepatitis B","Chronic cases","Gender-specific rate","N/100000","2017","LV","Latvia",1,"Male",21.659448710
"Hepatitis B","Chronic cases","Gender-specific rate","N/100000","2017","LV","Latvia",2,"Female",10.052796140
"Hepatitis B","Chronic cases","Gender-specific rate","N/100000","2017","MT","Malta",1,"Male",5.611599600
"Hepatitis B","Chronic cases","Gender-specific rate","N/100000","2017","MT","Malta",2,"Female",1.749521060
"Hepatitis B","Chronic cases","Gender-specific rate","N/100000","2017","NL","Netherlands",1,"Male",7.374542510
"Hepatitis B","Chronic cases","Gender-specific rate","N/100000","2017","NL","Netherlands",2,"Female",5.414572050
"Hepatitis B","Chronic cases","Gender-specific rate","N/100000","2017","NO","Norway",1,"Male",10.569507720
"Hepatitis B","Chronic cases","Gender-specific rate","N/100000","2017","NO","Norway",2,"Female",6.822048400
"Hepatitis B","Chronic cases","Gender-specific rate","N/100000","2017","PL","Poland",1,"Male",2.339774800
"Hepatitis B","Chronic cases","Gender-specific rate","N/100000","2017","PL","Poland",2,"Female",2.332212490
"Hepatitis B","Chronic cases","Gender-specific rate","N/100000","2017","PT","Portugal",1,"Male",1.024074760
"Hepatitis B","Chronic cases","Gender-specific rate","N/100000","2017","PT","Portugal",2,"Female",0.534353690
"Hepatitis B","Chronic cases","Gender-specific rate","N/100000","2017","RO","Romania",1,"Male",0.000000000
"Hepatitis B","Chronic cases","Gender-specific rate","N/100000","2017","RO","Romania",2,"Female",0.000000000
"Hepatitis B","Chronic cases","Gender-specific rate","N/100000","2017","SE","Sweden",1,"Male",13.224697990
"Hepatitis B","Chronic cases","Gender-specific rate","N/100000","2017","SE","Sweden",2,"Female",9.133234010
"Hepatitis B","Chronic cases","Gender-specific rate","N/100000","2017","SI","Slovenia",1,"Male",2.536276060
"Hepatitis B","Chronic cases","Gender-specific rate","N/100000","2017","SI","Slovenia",2,"Female",1.056909780
"Hepatitis B","Chronic cases","Gender-specific rate","N/100000","2017","SK","Slovakia",1,"Male",2.149577400
"Hepatitis B","Chronic cases","Gender-specific rate","N/100000","2017","SK","Slovakia",2,"Female",1.185490030
"Hepatitis B","Chronic cases","Gender-specific rate","N/100000","2017","UK","United Kingdom",1,"Male",18.765575650
"Hepatitis B","Chronic cases","Gender-specific rate","N/100000","2017","UK","United Kingdom",2,"Female",12.794785420
"Hepatitis B","Chronic cases","Gender-specific rate","N/100000","2018","AT","Austria",1,"Male",8.136418930
"Hepatitis B","Chronic cases","Gender-specific rate","N/100000","2018","AT","Austria",2,"Female",5.397269110
"Hepatitis B","Chronic cases","Gender-specific rate","N/100000","2018","CY","Cyprus",1,"Male",17.081526320
"Hepatitis B","Chronic cases","Gender-specific rate","N/100000","2018","CY","Cyprus",2,"Female",2.032850870
"Hepatitis B","Chronic cases","Gender-specific rate","N/100000","2018","CZ","Czechia",1,"Male",3.103572530
"Hepatitis B","Chronic cases","Gender-specific rate","N/100000","2018","CZ","Czechia",2,"Female",1.985060470
"Hepatitis B","Chronic cases","Gender-specific rate","N/100000","2018","DE","Germany",1,"Male",0.063657510
"Hepatitis B","Chronic cases","Gender-specific rate","N/100000","2018","DE","Germany",2,"Female",0.054828760
"Hepatitis B","Chronic cases","Gender-specific rate","N/100000","2018","DK","Denmark",1,"Male",1.877299030
"Hepatitis B","Chronic cases","Gender-specific rate","N/100000","2018","DK","Denmark",2,"Female",3.477102930
"Hepatitis B","Chronic cases","Gender-specific rate","N/100000","2018","EE","Estonia",1,"Male",1.127061710
"Hepatitis B","Chronic cases","Gender-specific rate","N/100000","2018","EE","Estonia",2,"Female",1.146051350
"Hepatitis B","Chronic cases","Gender-specific rate","N/100000","2018","EU27_21","EU (without UK)",1,"Male",2.800204000
"Hepatitis B","Chronic cases","Gender-specific rate","N/100000","2018","EU27_21","EU (without UK)",2,"Female",1.926895000
"Hepatitis B","Chronic cases","Gender-specific rate","N/100000","2018","EU27_UK_21","EU (with UK until 2019)",1,"Male",5.164607000
"Hepatitis B","Chronic cases","Gender-specific rate","N/100000","2018","EU27_UK_21","EU (with UK until 2019)",2,"Female",3.569934000
"Hepatitis B","Chronic cases","Gender-specific rate","N/100000","2018","EUEEA30_21","EU/EEA (without UK)",1,"Male",2.916256000
"Hepatitis B","Chronic cases","Gender-specific rate","N/100000","2018","EUEEA30_21","EU/EEA (without UK)",2,"Female",2.031058000
"Hepatitis B","Chronic cases","Gender-specific rate","N/100000","2018","EUEEAUK_21","EU/EEA (with UK until 2019)",1,"Male",5.209754000
"Hepatitis B","Chronic cases","Gender-specific rate","N/100000","2018","EUEEAUK_21","EU/EEA (with UK until 2019)",2,"Female",3.621422000
"Hepatitis B","Chronic cases","Gender-specific rate","N/100000","2018","FI","Finland",1,"Male",4.633833380
"Hepatitis B","Chronic cases","Gender-specific rate","N/100000","2018","FI","Finland",2,"Female",3.901218280
"Hepatitis B","Chronic cases","Gender-specific rate","N/100000","2018","HR","Croatia",1,"Male",1.247803340
"Hepatitis B","Chronic cases","Gender-specific rate","N/100000","2018","HR","Croatia",2,"Female",1.052147790
"Hepatitis B","Chronic cases","Gender-specific rate","N/100000","2018","IE","Ireland",1,"Male",12.080813530
"Hepatitis B","Chronic cases","Gender-specific rate","N/100000","2018","IE","Ireland",2,"Female",7.177517220
"Hepatitis B","Chronic cases","Gender-specific rate","N/100000","2018","IS","Iceland",1,"Male",12.950450450
"Hepatitis B","Chronic cases","Gender-specific rate","N/100000","2018","IS","Iceland",2,"Female",9.950248750
"Hepatitis B","Chronic cases","Gender-specific rate","N/100000","2018","LU","Luxembourg",1,"Male",13.550135500
"Hepatitis B","Chronic cases","Gender-specific rate","N/100000","2018","LU","Luxembourg",2,"Female",2.003840690
"Hepatitis B","Chronic cases","Gender-specific rate","N/100000","2018","LV","Latvia",1,"Male",22.256168490
"Hepatitis B","Chronic cases","Gender-specific rate","N/100000","2018","LV","Latvia",2,"Female",10.050366690
"Hepatitis B","Chronic cases","Gender-specific rate","N/100000","2018","MT","Malta",1,"Male",4.571922570
"Hepatitis B","Chronic cases","Gender-specific rate","N/100000","2018","MT","Malta",2,"Female",1.701389180
"Hepatitis B","Chronic cases","Gender-specific rate","N/100000","2018","NL","Netherlands",1,"Male",7.012983750
"Hepatitis B","Chronic cases","Gender-specific rate","N/100000","2018","NL","Netherlands",2,"Female",4.910999400
"Hepatitis B","Chronic cases","Gender-specific rate","N/100000","2018","NO","Norway",1,"Male",7.157925190
"Hepatitis B","Chronic cases","Gender-specific rate","N/100000","2018","NO","Norway",2,"Female",6.166147990
"Hepatitis B","Chronic cases","Gender-specific rate","N/100000","2018","PL","Poland",1,"Male",2.317698960
"Hepatitis B","Chronic cases","Gender-specific rate","N/100000","2018","PL","Poland",2,"Female",2.005471620
"Hepatitis B","Chronic cases","Gender-specific rate","N/100000","2018","PT","Portugal",1,"Male",1.253160630
"Hepatitis B","Chronic cases","Gender-specific rate","N/100000","2018","PT","Portugal",2,"Female",0.682237030
"Hepatitis B","Chronic cases","Gender-specific rate","N/100000","2018","RO","Romania",1,"Male",0.000000000
"Hepatitis B","Chronic cases","Gender-specific rate","N/100000","2018","RO","Romania",2,"Female",0.010021430
"Hepatitis B","Chronic cases","Gender-specific rate","N/100000","2018","SE","Sweden",1,"Male",12.158982830
"Hepatitis B","Chronic cases","Gender-specific rate","N/100000","2018","SE","Sweden",2,"Female",8.615247790
"Hepatitis B","Chronic cases","Gender-specific rate","N/100000","2018","SI","Slovenia",1,"Male",3.894683850
"Hepatitis B","Chronic cases","Gender-specific rate","N/100000","2018","SI","Slovenia",2,"Female",2.788893280
"Hepatitis B","Chronic cases","Gender-specific rate","N/100000","2018","SK","Slovakia",1,"Male",2.070382460
"Hepatitis B","Chronic cases","Gender-specific rate","N/100000","2018","SK","Slovakia",2,"Female",1.076578460
"Hepatitis B","Chronic cases","Gender-specific rate","N/100000","2018","UK","United Kingdom",1,"Male",13.324346260
"Hepatitis B","Chronic cases","Gender-specific rate","N/100000","2018","UK","United Kingdom",2,"Female",9.311487640
"Hepatitis B","Chronic cases","Gender-specific rate","N/100000","2019","AT","Austria",1,"Male",6.173926150
"Hepatitis B","Chronic cases","Gender-specific rate","N/100000","2019","AT","Austria",2,"Female",4.731501710
"Hepatitis B","Chronic cases","Gender-specific rate","N/100000","2019","CY","Cyprus",1,"Male",20.335132330
"Hepatitis B","Chronic cases","Gender-specific rate","N/100000","2019","CY","Cyprus",2,"Female",4.686788610
"Hepatitis B","Chronic cases","Gender-specific rate","N/100000","2019","CZ","Czechia",1,"Male",3.089130560
"Hepatitis B","Chronic cases","Gender-specific rate","N/100000","2019","CZ","Czechia",2,"Female",2.108921730
"Hepatitis B","Chronic cases","Gender-specific rate","N/100000","2019","DE","Germany",1,"Male",5.892592100
"Hepatitis B","Chronic cases","Gender-specific rate","N/100000","2019","DE","Germany",2,"Female",4.425418290
"Hepatitis B","Chronic cases","Gender-specific rate","N/100000","2019","DK","Denmark",1,"Male",1.730658930
"Hepatitis B","Chronic cases","Gender-specific rate","N/100000","2019","DK","Denmark",2,"Female",3.873832360
"Hepatitis B","Chronic cases","Gender-specific rate","N/100000","2019","EE","Estonia",1,"Male",0.959025620
"Hepatitis B","Chronic cases","Gender-specific rate","N/100000","2019","EE","Estonia",2,"Female",1.287212960
"Hepatitis B","Chronic cases","Gender-specific rate","N/100000","2019","EU27_21","EU (without UK)",1,"Male",4.715983000
"Hepatitis B","Chronic cases","Gender-specific rate","N/100000","2019","EU27_21","EU (without UK)",2,"Female",3.364482000
"Hepatitis B","Chronic cases","Gender-specific rate","N/100000","2019","EU27_UK_21","EU (with UK until 2019)",1,"Male",5.740666000
"Hepatitis B","Chronic cases","Gender-specific rate","N/100000","2019","EU27_UK_21","EU (with UK until 2019)",2,"Female",4.004299000
"Hepatitis B","Chronic cases","Gender-specific rate","N/100000","2019","EUEEA30_21","EU/EEA (without UK)",1,"Male",4.789882000
"Hepatitis B","Chronic cases","Gender-specific rate","N/100000","2019","EUEEA30_21","EU/EEA (without UK)",2,"Female",3.448609000
"Hepatitis B","Chronic cases","Gender-specific rate","N/100000","2019","EUEEAUK_21","EU/EEA (with UK until 2019)",1,"Male",5.778509000
"Hepatitis B","Chronic cases","Gender-specific rate","N/100000","2019","EUEEAUK_21","EU/EEA (with UK until 2019)",2,"Female",4.058297000
"Hepatitis B","Chronic cases","Gender-specific rate","N/100000","2019","FI","Finland",1,"Male",4.883798640
"Hepatitis B","Chronic cases","Gender-specific rate","N/100000","2019","FI","Finland",2,"Female",3.578292500
"Hepatitis B","Chronic cases","Gender-specific rate","N/100000","2019","HR","Croatia",1,"Male",1.103055300
"Hepatitis B","Chronic cases","Gender-specific rate","N/100000","2019","HR","Croatia",2,"Female",0.920153440
"Hepatitis B","Chronic cases","Gender-specific rate","N/100000","2019","IE","Ireland",1,"Male",10.457490500
"Hepatitis B","Chronic cases","Gender-specific rate","N/100000","2019","IE","Ireland",2,"Female",6.827292520
"Hepatitis B","Chronic cases","Gender-specific rate","N/100000","2019","IS","Iceland",1,"Male",13.673381200
"Hepatitis B","Chronic cases","Gender-specific rate","N/100000","2019","IS","Iceland",2,"Female",12.632497670
"Hepatitis B","Chronic cases","Gender-specific rate","N/100000","2019","LU","Luxembourg",1,"Male",14.576315100
"Hepatitis B","Chronic cases","Gender-specific rate","N/100000","2019","LU","Luxembourg",2,"Female",2.293773380
"Hepatitis B","Chronic cases","Gender-specific rate","N/100000","2019","LV","Latvia",1,"Male",17.289913420
"Hepatitis B","Chronic cases","Gender-specific rate","N/100000","2019","LV","Latvia",2,"Female",11.013864910
"Hepatitis B","Chronic cases","Gender-specific rate","N/100000","2019","MT","Malta",1,"Male",0.000000000
"Hepatitis B","Chronic cases","Gender-specific rate","N/100000","2019","MT","Malta",2,"Female",0.000000000
"Hepatitis B","Chronic cases","Gender-specific rate","N/100000","2019","NL","Netherlands",1,"Male",7.504877580
"Hepatitis B","Chronic cases","Gender-specific rate","N/100000","2019","NL","Netherlands",2,"Female",4.551160730
"Hepatitis B","Chronic cases","Gender-specific rate","N/100000","2019","NO","Norway",1,"Male",7.299615310
"Hepatitis B","Chronic cases","Gender-specific rate","N/100000","2019","NO","Norway",2,"Female",6.583081700
"Hepatitis B","Chronic cases","Gender-specific rate","N/100000","2019","PL","Poland",1,"Male",1.904204780
"Hepatitis B","Chronic cases","Gender-specific rate","N/100000","2019","PL","Poland",2,"Female",1.628179360
"Hepatitis B","Chronic cases","Gender-specific rate","N/100000","2019","PT","Portugal",1,"Male",0.968599640
"Hepatitis B","Chronic cases","Gender-specific rate","N/100000","2019","PT","Portugal",2,"Female",0.202792970
"Hepatitis B","Chronic cases","Gender-specific rate","N/100000","2019","RO","Romania",1,"Male",0.042103260
"Hepatitis B","Chronic cases","Gender-specific rate","N/100000","2019","RO","Romania",2,"Female",0.050433680
"Hepatitis B","Chronic cases","Gender-specific rate","N/100000","2019","SE","Sweden",1,"Male",11.998200070
"Hepatitis B","Chronic cases","Gender-specific rate","N/100000","2019","SE","Sweden",2,"Female",8.255127460
"Hepatitis B","Chronic cases","Gender-specific rate","N/100000","2019","SI","Slovenia",1,"Male",2.888348010
"Hepatitis B","Chronic cases","Gender-specific rate","N/100000","2019","SI","Slovenia",2,"Female",2.014867800
"Hepatitis B","Chronic cases","Gender-specific rate","N/100000","2019","SK","Slovakia",1,"Male",1.916517250
"Hepatitis B","Chronic cases","Gender-specific rate","N/100000","2019","SK","Slovakia",2,"Female",1.469879650
"Hepatitis B","Chronic cases","Gender-specific rate","N/100000","2019","UK","United Kingdom",1,"Male",9.265226410
"Hepatitis B","Chronic cases","Gender-specific rate","N/100000","2019","UK","United Kingdom",2,"Female",6.231917630
"Hepatitis B","Chronic cases","Gender-specific rate","N/100000","2020","AT","Austria",1,"Male",4.955727310
"Hepatitis B","Chronic cases","Gender-specific rate","N/100000","2020","AT","Austria",2,"Female",3.648592350
"Hepatitis B","Chronic cases","Gender-specific rate","N/100000","2020","CY","Cyprus",1,"Male",5.063629100
"Hepatitis B","Chronic cases","Gender-specific rate","N/100000","2020","CY","Cyprus",2,"Female",1.322943810
"Hepatitis B","Chronic cases","Gender-specific rate","N/100000","2020","CZ","Czechia",1,"Male",1.593324420
"Hepatitis B","Chronic cases","Gender-specific rate","N/100000","2020","CZ","Czechia",2,"Female",1.088170790
"Hepatitis B","Chronic cases","Gender-specific rate","N/100000","2020","DE","Germany",1,"Male",4.140104340
"Hepatitis B","Chronic cases","Gender-specific rate","N/100000","2020","DE","Germany",2,"Female",3.415691450
"Hepatitis B","Chronic cases","Gender-specific rate","N/100000","2020","DK","Denmark",1,"Male",1.622413880
"Hepatitis B","Chronic cases","Gender-specific rate","N/100000","2020","DK","Denmark",2,"Female",3.041856280
"Hepatitis B","Chronic cases","Gender-specific rate","N/100000","2020","EE","Estonia",1,"Male",2.224775410
"Hepatitis B","Chronic cases","Gender-specific rate","N/100000","2020","EE","Estonia",2,"Female",0.714592980
"Hepatitis B","Chronic cases","Gender-specific rate","N/100000","2020","EL","Greece",1,"Male",0.038347320
"Hepatitis B","Chronic cases","Gender-specific rate","N/100000","2020","EL","Greece",2,"Female",0.054514950
"Hepatitis B","Chronic cases","Gender-specific rate","N/100000","2020","EU27_21","EU (without UK)",1,"Male",2.342224000
"Hepatitis B","Chronic cases","Gender-specific rate","N/100000","2020","EU27_21","EU (without UK)",2,"Female",1.726830000
"Hepatitis B","Chronic cases","Gender-specific rate","N/100000","2020","EU27_UK_21","EU (with UK until 2019)",1,"Male",2.342224000
"Hepatitis B","Chronic cases","Gender-specific rate","N/100000","2020","EU27_UK_21","EU (with UK until 2019)",2,"Female",1.726830000
"Hepatitis B","Chronic cases","Gender-specific rate","N/100000","2020","EUEEA30_21","EU/EEA (without UK)",1,"Male",2.382532000
"Hepatitis B","Chronic cases","Gender-specific rate","N/100000","2020","EUEEA30_21","EU/EEA (without UK)",2,"Female",1.774878000
"Hepatitis B","Chronic cases","Gender-specific rate","N/100000","2020","EUEEAUK_21","EU/EEA (with UK until 2019)",1,"Male",2.382532000
"Hepatitis B","Chronic cases","Gender-specific rate","N/100000","2020","EUEEAUK_21","EU/EEA (with UK until 2019)",2,"Female",1.774878000
"Hepatitis B","Chronic cases","Gender-specific rate","N/100000","2020","FI","Finland",1,"Male",3.262150040
"Hepatitis B","Chronic cases","Gender-specific rate","N/100000","2020","FI","Finland",2,"Female",2.609911220
"Hepatitis B","Chronic cases","Gender-specific rate","N/100000","2020","HR","Croatia",1,"Male",0.317127580
"Hepatitis B","Chronic cases","Gender-specific rate","N/100000","2020","HR","Croatia",2,"Female",0.048982910
"Hepatitis B","Chronic cases","Gender-specific rate","N/100000","2020","IE","Ireland",1,"Male",6.469576510
"Hepatitis B","Chronic cases","Gender-specific rate","N/100000","2020","IE","Ireland",2,"Female",3.749825970
"Hepatitis B","Chronic cases","Gender-specific rate","N/100000","2020","IS","Iceland",1,"Male",10.163634510
"Hepatitis B","Chronic cases","Gender-specific rate","N/100000","2020","IS","Iceland",2,"Female",7.336632930
"Hepatitis B","Chronic cases","Gender-specific rate","N/100000","2020","IT","Italy",1,"Male",0.000000000
"Hepatitis B","Chronic cases","Gender-specific rate","N/100000","2020","IT","Italy",2,"Female",0.003268890
"Hepatitis B","Chronic cases","Gender-specific rate","N/100000","2020","LT","Lithuania",1,"Male",0.617672850
"Hepatitis B","Chronic cases","Gender-specific rate","N/100000","2020","LT","Lithuania",2,"Female",0.461432180
"Hepatitis B","Chronic cases","Gender-specific rate","N/100000","2020","LU","Luxembourg",1,"Male",0.000000000
"Hepatitis B","Chronic cases","Gender-specific rate","N/100000","2020","LU","Luxembourg",2,"Female",0.000000000
"Hepatitis B","Chronic cases","Gender-specific rate","N/100000","2020","LV","Latvia",1,"Male",15.437774410
"Hepatitis B","Chronic cases","Gender-specific rate","N/100000","2020","LV","Latvia",2,"Female",7.499617710
"Hepatitis B","Chronic cases","Gender-specific rate","N/100000","2020","MT","Malta",1,"Male",0.000000000
"Hepatitis B","Chronic cases","Gender-specific rate","N/100000","2020","MT","Malta",2,"Female",0.000000000
"Hepatitis B","Chronic cases","Gender-specific rate","N/100000","2020","NL","Netherlands",1,"Male",4.833470180
"Hepatitis B","Chronic cases","Gender-specific rate","N/100000","2020","NL","Netherlands",2,"Female",3.139429240
"Hepatitis B","Chronic cases","Gender-specific rate","N/100000","2020","NO","Norway",1,"Male",4.064196570
"Hepatitis B","Chronic cases","Gender-specific rate","N/100000","2020","NO","Norway",2,"Female",4.208915530
"Hepatitis B","Chronic cases","Gender-specific rate","N/100000","2020","PL","Poland",1,"Male",0.473511100
"Hepatitis B","Chronic cases","Gender-specific rate","N/100000","2020","PL","Poland",2,"Female",0.352314810
"Hepatitis B","Chronic cases","Gender-specific rate","N/100000","2020","PT","Portugal",1,"Male",0.452677030
"Hepatitis B","Chronic cases","Gender-specific rate","N/100000","2020","PT","Portugal",2,"Female",0.441506620
"Hepatitis B","Chronic cases","Gender-specific rate","N/100000","2020","RO","Romania",1,"Male",0.000000000
"Hepatitis B","Chronic cases","Gender-specific rate","N/100000","2020","RO","Romania",2,"Female",0.000000000
"Hepatitis B","Chronic cases","Gender-specific rate","N/100000","2020","SE","Sweden",1,"Male",8.044937710
"Hepatitis B","Chronic cases","Gender-specific rate","N/100000","2020","SE","Sweden",2,"Female",5.066473100
"Hepatitis B","Chronic cases","Gender-specific rate","N/100000","2020","SI","Slovenia",1,"Male",1.617405560
"Hepatitis B","Chronic cases","Gender-specific rate","N/100000","2020","SI","Slovenia",2,"Female",0.861413000
"Hepatitis B","Chronic cases","Gender-specific rate","N/100000","2020","SK","Slovakia",1,"Male",1.688333610
"Hepatitis B","Chronic cases","Gender-specific rate","N/100000","2020","SK","Slovakia",2,"Female",0.931057680
"Hepatitis B","Chronic cases","Gender-specific rate","N/100000","2021","AT","Austria",1,"Male",4.957979980
"Hepatitis B","Chronic cases","Gender-specific rate","N/100000","2021","AT","Austria",2,"Female",3.196852000
"Hepatitis B","Chronic cases","Gender-specific rate","N/100000","2021","CY","Cyprus",1,"Male",3.198903230
"Hepatitis B","Chronic cases","Gender-specific rate","N/100000","2021","CY","Cyprus",2,"Female",0.654511650
"Hepatitis B","Chronic cases","Gender-specific rate","N/100000","2021","CZ","Czechia",1,"Male",1.895220600
"Hepatitis B","Chronic cases","Gender-specific rate","N/100000","2021","CZ","Czechia",2,"Female",1.033070650
"Hepatitis B","Chronic cases","Gender-specific rate","N/100000","2021","DE","Germany",1,"Male",5.191763890
"Hepatitis B","Chronic cases","Gender-specific rate","N/100000","2021","DE","Germany",2,"Female",4.265519750
"Hepatitis B","Chronic cases","Gender-specific rate","N/100000","2021","DK","Denmark",1,"Male",1.445854300
"Hepatitis B","Chronic cases","Gender-specific rate","N/100000","2021","DK","Denmark",2,"Female",2.589271960
"Hepatitis B","Chronic cases","Gender-specific rate","N/100000","2021","EE","Estonia",1,"Male",1.109499690
"Hepatitis B","Chronic cases","Gender-specific rate","N/100000","2021","EE","Estonia",2,"Female",1.001211460
"Hepatitis B","Chronic cases","Gender-specific rate","N/100000","2021","EL","Greece",1,"Male",1.520386260
"Hepatitis B","Chronic cases","Gender-specific rate","N/100000","2021","EL","Greece",2,"Female",1.295009790
"Hepatitis B","Chronic cases","Gender-specific rate","N/100000","2021","EU27_21","EU (without UK)",1,"Male",2.687775000
"Hepatitis B","Chronic cases","Gender-specific rate","N/100000","2021","EU27_21","EU (without UK)",2,"Female",1.991635000
"Hepatitis B","Chronic cases","Gender-specific rate","N/100000","2021","EU27_UK_21","EU (with UK until 2019)",1,"Male",2.687775000
"Hepatitis B","Chronic cases","Gender-specific rate","N/100000","2021","EU27_UK_21","EU (with UK until 2019)",2,"Female",1.991635000
"Hepatitis B","Chronic cases","Gender-specific rate","N/100000","2021","EUEEA30_21","EU/EEA (without UK)",1,"Male",2.755428000
"Hepatitis B","Chronic cases","Gender-specific rate","N/100000","2021","EUEEA30_21","EU/EEA (without UK)",2,"Female",2.023277000
"Hepatitis B","Chronic cases","Gender-specific rate","N/100000","2021","EUEEAUK_21","EU/EEA (with UK until 2019)",1,"Male",2.755428000
"Hepatitis B","Chronic cases","Gender-specific rate","N/100000","2021","EUEEAUK_21","EU/EEA (with UK until 2019)",2,"Female",2.023277000
"Hepatitis B","Chronic cases","Gender-specific rate","N/100000","2021","FI","Finland",1,"Male",4.243165570
"Hepatitis B","Chronic cases","Gender-specific rate","N/100000","2021","FI","Finland",2,"Female",2.821443680
"Hepatitis B","Chronic cases","Gender-specific rate","N/100000","2021","HR","Croatia",1,"Male",0.213444550
"Hepatitis B","Chronic cases","Gender-specific rate","N/100000","2021","HR","Croatia",2,"Female",0.049529390
"Hepatitis B","Chronic cases","Gender-specific rate","N/100000","2021","IE","Ireland",1,"Male",8.878833380
"Hepatitis B","Chronic cases","Gender-specific rate","N/100000","2021","IE","Ireland",2,"Female",5.062247850
"Hepatitis B","Chronic cases","Gender-specific rate","N/100000","2021","IS","Iceland",1,"Male",11.637563940
"Hepatitis B","Chronic cases","Gender-specific rate","N/100000","2021","IS","Iceland",2,"Female",4.450650620
"Hepatitis B","Chronic cases","Gender-specific rate","N/100000","2021","IT","Italy",1,"Male",0.006928510
"Hepatitis B","Chronic cases","Gender-specific rate","N/100000","2021","IT","Italy",2,"Female",0.003292720
"Hepatitis B","Chronic cases","Gender-specific rate","N/100000","2021","LI","Liechtenstein",1,"Male",5.163155720
"Hepatitis B","Chronic cases","Gender-specific rate","N/100000","2021","LI","Liechtenstein",2,"Female",5.079494080
"Hepatitis B","Chronic cases","Gender-specific rate","N/100000","2021","LT","Lithuania",1,"Male",0.615632280
"Hepatitis B","Chronic cases","Gender-specific rate","N/100000","2021","LT","Lithuania",2,"Female",0.662032430
"Hepatitis B","Chronic cases","Gender-specific rate","N/100000","2021","LU","Luxembourg",1,"Male",0.000000000
"Hepatitis B","Chronic cases","Gender-specific rate","N/100000","2021","LU","Luxembourg",2,"Female",0.000000000
"Hepatitis B","Chronic cases","Gender-specific rate","N/100000","2021","LV","Latvia",1,"Male",15.995886770
"Hepatitis B","Chronic cases","Gender-specific rate","N/100000","2021","LV","Latvia",2,"Female",7.170937460
"Hepatitis B","Chronic cases","Gender-specific rate","N/100000","2021","MT","Malta",1,"Male",0.000000000
"Hepatitis B","Chronic cases","Gender-specific rate","N/100000","2021","MT","Malta",2,"Female",0.000000000
"Hepatitis B","Chronic cases","Gender-specific rate","N/100000","2021","NL","Netherlands",1,"Male",5.053798190
"Hepatitis B","Chronic cases","Gender-specific rate","N/100000","2021","NL","Netherlands",2,"Female",3.345136500
"Hepatitis B","Chronic cases","Gender-specific rate","N/100000","2021","NO","Norway",1,"Male",5.810406430
"Hepatitis B","Chronic cases","Gender-specific rate","N/100000","2021","NO","Norway",2,"Female",3.667513680
"Hepatitis B","Chronic cases","Gender-specific rate","N/100000","2021","PL","Poland",1,"Male",0.000000000
"Hepatitis B","Chronic cases","Gender-specific rate","N/100000","2021","PL","Poland",2,"Female",0.000000000
"Hepatitis B","Chronic cases","Gender-specific rate","N/100000","2021","PT","Portugal",1,"Male",0.740931460
"Hepatitis B","Chronic cases","Gender-specific rate","N/100000","2021","PT","Portugal",2,"Female",0.551520970
"Hepatitis B","Chronic cases","Gender-specific rate","N/100000","2021","RO","Romania",1,"Male",0.000000000
"Hepatitis B","Chronic cases","Gender-specific rate","N/100000","2021","RO","Romania",2,"Female",0.000000000
"Hepatitis B","Chronic cases","Gender-specific rate","N/100000","2021","SE","Sweden",1,"Male",7.122552120
"Hepatitis B","Chronic cases","Gender-specific rate","N/100000","2021","SE","Sweden",2,"Female",5.197376170
"Hepatitis B","Chronic cases","Gender-specific rate","N/100000","2021","SI","Slovenia",1,"Male",1.698212530
"Hepatitis B","Chronic cases","Gender-specific rate","N/100000","2021","SI","Slovenia",2,"Female",1.334554760
"Hepatitis B","Chronic cases","Gender-specific rate","N/100000","2021","SK","Slovakia",1,"Male",1.612609250
"Hepatitis B","Chronic cases","Gender-specific rate","N/100000","2021","SK","Slovakia",2,"Female",0.930800360
"Hepatitis B","Chronic cases","Gender-specific rate","N/100000","2022","AT","Austria",1,"Male",4.722646210
"Hepatitis B","Chronic cases","Gender-specific rate","N/100000","2022","AT","Austria",2,"Female",3.074595840
"Hepatitis B","Chronic cases","Gender-specific rate","N/100000","2022","CY","Cyprus",1,"Male",7.254870390
"Hepatitis B","Chronic cases","Gender-specific rate","N/100000","2022","CY","Cyprus",2,"Female",0.862771820
"Hepatitis B","Chronic cases","Gender-specific rate","N/100000","2022","CZ","Czechia",1,"Male",3.047971790
"Hepatitis B","Chronic cases","Gender-specific rate","N/100000","2022","CZ","Czechia",2,"Female",1.912643920
"Hepatitis B","Chronic cases","Gender-specific rate","N/100000","2022","DE","Germany",1,"Male",10.492664570
"Hepatitis B","Chronic cases","Gender-specific rate","N/100000","2022","DE","Germany",2,"Female",8.385040490
"Hepatitis B","Chronic cases","Gender-specific rate","N/100000","2022","DK","Denmark",1,"Male",1.060585060
"Hepatitis B","Chronic cases","Gender-specific rate","N/100000","2022","DK","Denmark",2,"Female",2.067442690
"Hepatitis B","Chronic cases","Gender-specific rate","N/100000","2022","EE","Estonia",1,"Male",2.683864440
"Hepatitis B","Chronic cases","Gender-specific rate","N/100000","2022","EE","Estonia",2,"Female",1.145506530
"Hepatitis B","Chronic cases","Gender-specific rate","N/100000","2022","EL","Greece",1,"Male",1.779169130
"Hepatitis B","Chronic cases","Gender-specific rate","N/100000","2022","EL","Greece",2,"Female",1.253499740
"Hepatitis B","Chronic cases","Gender-specific rate","N/100000","2022","EU27_21","EU (without UK)",1,"Male",4.429969000
"Hepatitis B","Chronic cases","Gender-specific rate","N/100000","2022","EU27_21","EU (without UK)",2,"Female",3.233255000
"Hepatitis B","Chronic cases","Gender-specific rate","N/100000","2022","EU27_UK_21","EU (with UK until 2019)",1,"Male",4.429969000
"Hepatitis B","Chronic cases","Gender-specific rate","N/100000","2022","EU27_UK_21","EU (with UK until 2019)",2,"Female",3.233255000
"Hepatitis B","Chronic cases","Gender-specific rate","N/100000","2022","EUEEA30_21","EU/EEA (without UK)",1,"Male",4.503608000
"Hepatitis B","Chronic cases","Gender-specific rate","N/100000","2022","EUEEA30_21","EU/EEA (without UK)",2,"Female",3.286393000
"Hepatitis B","Chronic cases","Gender-specific rate","N/100000","2022","EUEEAUK_21","EU/EEA (with UK until 2019)",1,"Male",4.503608000
"Hepatitis B","Chronic cases","Gender-specific rate","N/100000","2022","EUEEAUK_21","EU/EEA (with UK until 2019)",2,"Female",3.286393000
"Hepatitis B","Chronic cases","Gender-specific rate","N/100000","2022","FI","Finland",1,"Male",5.431808740
"Hepatitis B","Chronic cases","Gender-specific rate","N/100000","2022","FI","Finland",2,"Female",4.669998640
"Hepatitis B","Chronic cases","Gender-specific rate","N/100000","2022","HR","Croatia",1,"Male",0.161091720
"Hepatitis B","Chronic cases","Gender-specific rate","N/100000","2022","HR","Croatia",2,"Female",0.099999400
"Hepatitis B","Chronic cases","Gender-specific rate","N/100000","2022","IE","Ireland",1,"Male",12.261818170
"Hepatitis B","Chronic cases","Gender-specific rate","N/100000","2022","IE","Ireland",2,"Female",6.689363550
"Hepatitis B","Chronic cases","Gender-specific rate","N/100000","2022","IS","Iceland",1,"Male",16.572153600
"Hepatitis B","Chronic cases","Gender-specific rate","N/100000","2022","IS","Iceland",2,"Female",10.919832050
"Hepatitis B","Chronic cases","Gender-specific rate","N/100000","2022","IT","Italy",1,"Male",0.003469930
"Hepatitis B","Chronic cases","Gender-specific rate","N/100000","2022","IT","Italy",2,"Female",0.009930090
"Hepatitis B","Chronic cases","Gender-specific rate","N/100000","2022","LI","Liechtenstein",1,"Male",0.000000000
"Hepatitis B","Chronic cases","Gender-specific rate","N/100000","2022","LI","Liechtenstein",2,"Female",5.047445990
"Hepatitis B","Chronic cases","Gender-specific rate","N/100000","2022","LT","Lithuania",1,"Male",1.071484050
"Hepatitis B","Chronic cases","Gender-specific rate","N/100000","2022","LT","Lithuania",2,"Female",0.400160330
"Hepatitis B","Chronic cases","Gender-specific rate","N/100000","2022","LU","Luxembourg",1,"Male",0.000000000
"Hepatitis B","Chronic cases","Gender-specific rate","N/100000","2022","LU","Luxembourg",2,"Female",0.000000000
"Hepatitis B","Chronic cases","Gender-specific rate","N/100000","2022","LV","Latvia",1,"Male",16.454616900
"Hepatitis B","Chronic cases","Gender-specific rate","N/100000","2022","LV","Latvia",2,"Female",8.741432400
"Hepatitis B","Chronic cases","Gender-specific rate","N/100000","2022","MT","Malta",1,"Male",5.924477720
"Hepatitis B","Chronic cases","Gender-specific rate","N/100000","2022","MT","Malta",2,"Female",4.384129450
"Hepatitis B","Chronic cases","Gender-specific rate","N/100000","2022","NL","Netherlands",1,"Male",6.174626670
"Hepatitis B","Chronic cases","Gender-specific rate","N/100000","2022","NL","Netherlands",2,"Female",3.120335040
"Hepatitis B","Chronic cases","Gender-specific rate","N/100000","2022","NO","Norway",1,"Male",7.671703680
"Hepatitis B","Chronic cases","Gender-specific rate","N/100000","2022","NO","Norway",2,"Female",5.803705290
"Hepatitis B","Chronic cases","Gender-specific rate","N/100000","2022","PL","Poland",1,"Male",0.000000000
"Hepatitis B","Chronic cases","Gender-specific rate","N/100000","2022","PL","Poland",2,"Female",0.000000000
"Hepatitis B","Chronic cases","Gender-specific rate","N/100000","2022","PT","Portugal",1,"Male",0.914058020
"Hepatitis B","Chronic cases","Gender-specific rate","N/100000","2022","PT","Portugal",2,"Female",0.405235560
"Hepatitis B","Chronic cases","Gender-specific rate","N/100000","2022","RO","Romania",1,"Male",0.032468190
"Hepatitis B","Chronic cases","Gender-specific rate","N/100000","2022","RO","Romania",2,"Female",0.010201320
"Hepatitis B","Chronic cases","Gender-specific rate","N/100000","2022","SE","Sweden",1,"Male",8.211824000
"Hepatitis B","Chronic cases","Gender-specific rate","N/100000","2022","SE","Sweden",2,"Female",6.048209620
"Hepatitis B","Chronic cases","Gender-specific rate","N/100000","2022","SI","Slovenia",1,"Male",2.363630340
"Hepatitis B","Chronic cases","Gender-specific rate","N/100000","2022","SI","Slovenia",2,"Female",1.048133130
"Hepatitis B","Chronic cases","Gender-specific rate","N/100000","2022","SK","Slovakia",1,"Male",1.542569460
"Hepatitis B","Chronic cases","Gender-specific rate","N/100000","2022","SK","Slovakia",2,"Female",1.260439590
"Hepatitis B","Chronic cases","Gender-specific rate","N/100000","2023","AT","Austria",1,"Male",4.883144560
"Hepatitis B","Chronic cases","Gender-specific rate","N/100000","2023","AT","Austria",2,"Female",3.225138240
"Hepatitis B","Chronic cases","Gender-specific rate","N/100000","2023","CY","Cyprus",1,"Male",8.904204110
"Hepatitis B","Chronic cases","Gender-specific rate","N/100000","2023","CY","Cyprus",2,"Female",2.333103550
"Hepatitis B","Chronic cases","Gender-specific rate","N/100000","2023","CZ","Czechia",1,"Male",3.711013400
"Hepatitis B","Chronic cases","Gender-specific rate","N/100000","2023","CZ","Czechia",2,"Female",2.500450260
"Hepatitis B","Chronic cases","Gender-specific rate","N/100000","2023","DE","Germany",1,"Male",14.492630870
"Hepatitis B","Chronic cases","Gender-specific rate","N/100000","2023","DE","Germany",2,"Female",11.443980580
"Hepatitis B","Chronic cases","Gender-specific rate","N/100000","2023","DK","Denmark",1,"Male",1.458121890
"Hepatitis B","Chronic cases","Gender-specific rate","N/100000","2023","DK","Denmark",2,"Female",1.809860720
"Hepatitis B","Chronic cases","Gender-specific rate","N/100000","2023","EE","Estonia",1,"Male",2.626026080
"Hepatitis B","Chronic cases","Gender-specific rate","N/100000","2023","EE","Estonia",2,"Female",0.974227500
"Hepatitis B","Chronic cases","Gender-specific rate","N/100000","2023","EL","Greece",1,"Male",2.042984790
"Hepatitis B","Chronic cases","Gender-specific rate","N/100000","2023","EL","Greece",2,"Female",1.803361800
"Hepatitis B","Chronic cases","Gender-specific rate","N/100000","2023","EU27_21","EU (without UK)",1,"Male",5.683520000
"Hepatitis B","Chronic cases","Gender-specific rate","N/100000","2023","EU27_21","EU (without UK)",2,"Female",4.196659000
"Hepatitis B","Chronic cases","Gender-specific rate","N/100000","2023","EU27_UK_21","EU (with UK until 2019)",1,"Male",5.683520000
"Hepatitis B","Chronic cases","Gender-specific rate","N/100000","2023","EU27_UK_21","EU (with UK until 2019)",2,"Female",4.196659000
"Hepatitis B","Chronic cases","Gender-specific rate","N/100000","2023","EUEEA30_21","EU/EEA (without UK)",1,"Male",5.777006000
"Hepatitis B","Chronic cases","Gender-specific rate","N/100000","2023","EUEEA30_21","EU/EEA (without UK)",2,"Female",4.254725000
"Hepatitis B","Chronic cases","Gender-specific rate","N/100000","2023","EUEEAUK_21","EU/EEA (with UK until 2019)",1,"Male",5.777006000
"Hepatitis B","Chronic cases","Gender-specific rate","N/100000","2023","EUEEAUK_21","EU/EEA (with UK until 2019)",2,"Female",4.254725000
"Hepatitis B","Chronic cases","Gender-specific rate","N/100000","2023","FI","Finland",1,"Male",6.973001770
"Hepatitis B","Chronic cases","Gender-specific rate","N/100000","2023","FI","Finland",2,"Female",4.945751510
"Hepatitis B","Chronic cases","Gender-specific rate","N/100000","2023","HR","Croatia",1,"Male",0.161128670
"Hepatitis B","Chronic cases","Gender-specific rate","N/100000","2023","HR","Croatia",2,"Female",0.150827430
"Hepatitis B","Chronic cases","Gender-specific rate","N/100000","2023","IE","Ireland",1,"Male",14.474686000
"Hepatitis B","Chronic cases","Gender-specific rate","N/100000","2023","IE","Ireland",2,"Female",7.237007880
"Hepatitis B","Chronic cases","Gender-specific rate","N/100000","2023","IS","Iceland",1,"Male",30.006301320
"Hepatitis B","Chronic cases","Gender-specific rate","N/100000","2023","IS","Iceland",2,"Female",15.974440890
"Hepatitis B","Chronic cases","Gender-specific rate","N/100000","2023","IT","Italy",1,"Male",0.003470430
"Hepatitis B","Chronic cases","Gender-specific rate","N/100000","2023","IT","Italy",2,"Female",0.003313190
"Hepatitis B","Chronic cases","Gender-specific rate","N/100000","2023","LI","Liechtenstein",1,"Male",5.079236080
"Hepatitis B","Chronic cases","Gender-specific rate","N/100000","2023","LI","Liechtenstein",2,"Female",0.000000000
"Hepatitis B","Chronic cases","Gender-specific rate","N/100000","2023","LT","Lithuania",1,"Male",0.973187920
"Hepatitis B","Chronic cases","Gender-specific rate","N/100000","2023","LT","Lithuania",2,"Female",0.854440750
"Hepatitis B","Chronic cases","Gender-specific rate","N/100000","2023","LU","Luxembourg",1,"Male",0.000000000
"Hepatitis B","Chronic cases","Gender-specific rate","N/100000","2023","LU","Luxembourg",2,"Female",0.000000000
"Hepatitis B","Chronic cases","Gender-specific rate","N/100000","2023","LV","Latvia",1,"Male",14.214950680
"Hepatitis B","Chronic cases","Gender-specific rate","N/100000","2023","LV","Latvia",2,"Female",7.123867230
"Hepatitis B","Chronic cases","Gender-specific rate","N/100000","2023","MT","Malta",1,"Male",9.128540380
"Hepatitis B","Chronic cases","Gender-specific rate","N/100000","2023","MT","Malta",2,"Female",7.775142860
"Hepatitis B","Chronic cases","Gender-specific rate","N/100000","2023","NL","Netherlands",1,"Male",5.570426970
"Hepatitis B","Chronic cases","Gender-specific rate","N/100000","2023","NL","Netherlands",2,"Female",3.682632100
"Hepatitis B","Chronic cases","Gender-specific rate","N/100000","2023","NO","Norway",1,"Male",9.076214890
"Hepatitis B","Chronic cases","Gender-specific rate","N/100000","2023","NO","Norway",2,"Female",6.792695020
"Hepatitis B","Chronic cases","Gender-specific rate","N/100000","2023","PL","Poland",1,"Male",0.000000000
"Hepatitis B","Chronic cases","Gender-specific rate","N/100000","2023","PL","Poland",2,"Female",0.000000000
"Hepatitis B","Chronic cases","Gender-specific rate","N/100000","2023","PT","Portugal",1,"Male",0.677203420
"Hepatitis B","Chronic cases","Gender-specific rate","N/100000","2023","PT","Portugal",2,"Female",0.363902800
"Hepatitis B","Chronic cases","Gender-specific rate","N/100000","2023","RO","Romania",1,"Male",0.075561630
"Hepatitis B","Chronic cases","Gender-specific rate","N/100000","2023","RO","Romania",2,"Female",0.040855560
"Hepatitis B","Chronic cases","Gender-specific rate","N/100000","2023","SE","Sweden",1,"Male",6.964466490
"Hepatitis B","Chronic cases","Gender-specific rate","N/100000","2023","SE","Sweden",2,"Female",4.288532460
"Hepatitis B","Chronic cases","Gender-specific rate","N/100000","2023","SI","Slovenia",1,"Male",2.633383210
"Hepatitis B","Chronic cases","Gender-specific rate","N/100000","2023","SI","Slovenia",2,"Female",1.708264480
"Hepatitis B","Chronic cases","Gender-specific rate","N/100000","2023","SK","Slovakia",1,"Male",6.553440290
"Hepatitis B","Chronic cases","Gender-specific rate","N/100000","2023","SK","Slovakia",2,"Female",4.867148470
